2012,KFA&SUP2,null,Galax Hof,DDR4,4000,16.00000
2013,KINGMAX,Kingmax,DDR,400,1.00000
2014,KINGMAX,Kingmax,DDR2,800,1.00000
2015,KINGMAX,Kingmax,DDR2,800,2.00000
2016,KINGMAX,Kingmax,DDR3,1333,1.00000
2017,KINGMAX,Kingmax,DDR3,1333,2.00000
2018,KINGMAX,Kingmax,DDR3,1333,4.00000
2019,KINGMAX,Kingmax,DDR3,1333,8.00000
2026,KINGSTON,Kingston,DDR2,400,4.00000
2020,KINGSTON,Kingston,DDR2,533,1.00000
2023,KINGSTON,Kingston,DDR2,533,2.00000
2021,KINGSTON,Kingston,DDR2,667,1.00000
2024,KINGSTON,Kingston,DDR2,667,2.00000
2027,KINGSTON,Kingston,DDR2,667,4.00000
2029,KINGSTON,Kingston,DDR2,667,8.00000
2022,KINGSTON,Kingston,DDR2,800,1.00000
2025,KINGSTON,Kingston,DDR2,800,2.00000
2028,KINGSTON,Kingston,DDR2,800,4.00000
2030,KINGSTON,Kingston,DDR3,1066,1.00000
2032,KINGSTON,Kingston,DDR3,1066,2.00000
2035,KINGSTON,Kingston,DDR3,1066,3.00000
2036,KINGSTON,Kingston,DDR3,1066,4.00000
2041,KINGSTON,Kingston,DDR3,1066,6.00000
2044,KINGSTON,Kingston,DDR3,1066,8.00000
2051,KINGSTON,Kingston,DDR3,1066,12.00000
2031,KINGSTON,Kingston,DDR3,1333,1.00000
2033,KINGSTON,Kingston,DDR3,1333,2.00000
2037,KINGSTON,Kingston,DDR3,1333,4.00000
2042,KINGSTON,Kingston,DDR3,1333,6.00000
2045,KINGSTON,Kingston,DDR3,1333,8.00000
2052,KINGSTON,Kingston,DDR3,1333,12.00000
2055,KINGSTON,Kingston,DDR3,1333,16.00000
2060,KINGSTON,Kingston,DDR3,1333,24.00000
2063,KINGSTON,Kingston,DDR3,1333,32.00000
2066,KINGSTON,Kingston,DDR3,1333,48.00000
2069,KINGSTON,Kingston,DDR3,1333,64.00000
2034,KINGSTON,Kingston,DDR3,1600,2.00000
2038,KINGSTON,Kingston,DDR3,1600,4.00000
2043,KINGSTON,Kingston,DDR3,1600,6.00000
2046,KINGSTON,Kingston,DDR3,1600,8.00000
2053,KINGSTON,Kingston,DDR3,1600,12.00000
2056,KINGSTON,Kingston,DDR3,1600,16.00000
2061,KINGSTON,Kingston,DDR3,1600,24.00000
2064,KINGSTON,Kingston,DDR3,1600,32.00000
2067,KINGSTON,Kingston,DDR3,1600,48.00000
2070,KINGSTON,Kingston,DDR3,1600,64.00000
2039,KINGSTON,Kingston,DDR3,1866,4.00000
2047,KINGSTON,Kingston,DDR3,1866,8.00000
2054,KINGSTON,Kingston,DDR3,1866,12.00000
2057,KINGSTON,Kingston,DDR3,1866,16.00000
2062,KINGSTON,Kingston,DDR3,1866,24.00000
2065,KINGSTON,Kingston,DDR3,1866,32.00000
2068,KINGSTON,Kingston,DDR3,1866,48.00000
2071,KINGSTON,Kingston,DDR3,1866,64.00000
2040,KINGSTON,Kingston,DDR3,2133,4.00000
2048,KINGSTON,Kingston,DDR3,2133,8.00000
2058,KINGSTON,Kingston,DDR3,2133,16.00000
2049,KINGSTON,Kingston,DDR3,2400,8.00000
2059,KINGSTON,Kingston,DDR3,2400,16.00000
2050,KINGSTON,Kingston,DDR3,2800,8.00000
2072,KINGSTON,Kingston,DDR4,2133,4.00000
2074,KINGSTON,Kingston,DDR4,2133,8.00000
2077,KINGSTON,Kingston,DDR4,2133,16.00000
2082,KINGSTON,Kingston,DDR4,2133,32.00000
2073,KINGSTON,Kingston,DDR4,2400,4.00000
2075,KINGSTON,Kingston,DDR4,2400,8.00000
2078,KINGSTON,Kingston,DDR4,2400,16.00000
2083,KINGSTON,Kingston,DDR4,2400,32.00000
2087,KINGSTON,Kingston,DDR4,2400,64.00000
2076,KINGSTON,Kingston,DDR4,2666,8.00000
2079,KINGSTON,Kingston,DDR4,2666,16.00000
2084,KINGSTON,Kingston,DDR4,2666,32.00000
2088,KINGSTON,Kingston,DDR4,2666,64.00000
2080,KINGSTON,Kingston,DDR4,2800,16.00000
2085,KINGSTON,Kingston,DDR4,2800,32.00000
2081,KINGSTON,Kingston,DDR4,3000,16.00000
2086,KINGSTON,Kingston,DDR4,3000,32.00000
2089,KINGSTON,Kingston Beast,DDR3,1600,8.00000
2093,KINGSTON,Kingston Beast,DDR3,1600,16.00000
2097,KINGSTON,Kingston Beast,DDR3,1600,32.00000
2090,KINGSTON,Kingston Beast,DDR3,1866,8.00000
2094,KINGSTON,Kingston Beast,DDR3,1866,16.00000
2098,KINGSTON,Kingston Beast,DDR3,1866,32.00000
2091,KINGSTON,Kingston Beast,DDR3,2133,8.00000
2095,KINGSTON,Kingston Beast,DDR3,2133,16.00000
2099,KINGSTON,Kingston Beast,DDR3,2133,32.00000
2101,KINGSTON,Kingston Beast,DDR3,2133,64.00000
2092,KINGSTON,Kingston Beast,DDR3,2400,8.00000
2096,KINGSTON,Kingston Beast,DDR3,2400,16.00000
2100,KINGSTON,Kingston Beast,DDR3,2400,32.00000
2102,KINGSTON,Kingston Black,DDR3,1333,2.00000
2104,KINGSTON,Kingston Black,DDR3,1333,4.00000
2106,KINGSTON,Kingston Black,DDR3,1333,8.00000
2103,KINGSTON,Kingston Black,DDR3,1600,2.00000
2105,KINGSTON,Kingston Black,DDR3,1600,4.00000
2107,KINGSTON,Kingston Black,DDR3,1600,8.00000
2108,KINGSTON,Kingston Black,DDR3,1600,16.00000
2109,KINGSTON,Kingston Blu,DDR3,1333,2.00000
2110,KINGSTON,Kingston Blu,DDR3,1333,4.00000
2112,KINGSTON,Kingston Blu,DDR3,1333,8.00000
2114,KINGSTON,Kingston Blu,DDR3,1333,16.00000
2111,KINGSTON,Kingston Blu,DDR3,1600,4.00000
2113,KINGSTON,Kingston Blu,DDR3,1600,8.00000
2115,KINGSTON,Kingston Blu Red,DDR3,1333,2.00000
2117,KINGSTON,Kingston Blu Red,DDR3,1333,4.00000
2119,KINGSTON,Kingston Blu Red,DDR3,1333,8.00000
2116,KINGSTON,Kingston Blu Red,DDR3,1600,2.00000
2118,KINGSTON,Kingston Blu Red,DDR3,1600,4.00000
2120,KINGSTON,Kingston Blu Red,DDR3,1600,8.00000
2121,KINGSTON,Kingston Blu Red,DDR3,1600,16.00000
2122,KINGSTON,Kingston Hyperx,DDR,400,1.00000
2127,KINGSTON,Kingston Hyperx,DDR2,533,2.00000
2123,KINGSTON,Kingston Hyperx,DDR2,667,.50000
2128,KINGSTON,Kingston Hyperx,DDR2,750,2.00000
2124,KINGSTON,Kingston Hyperx,DDR2,800,1.00000
2129,KINGSTON,Kingston Hyperx,DDR2,800,2.00000
2131,KINGSTON,Kingston Hyperx,DDR2,800,4.00000
2133,KINGSTON,Kingston Hyperx,DDR2,800,8.00000
2125,KINGSTON,Kingston Hyperx,DDR2,1000,1.00000
2126,KINGSTON,Kingston Hyperx,DDR2,1066,1.00000
2130,KINGSTON,Kingston Hyperx,DDR2,1066,2.00000
2132,KINGSTON,Kingston Hyperx,DDR2,1066,4.00000
2134,KINGSTON,Kingston Hyperx,DDR3,1333,1.00000
2137,KINGSTON,Kingston Hyperx,DDR3,1333,2.00000
2140,KINGSTON,Kingston Hyperx,DDR3,1333,3.00000
2146,KINGSTON,Kingston Hyperx,DDR3,1333,4.00000
2153,KINGSTON,Kingston Hyperx,DDR3,1333,6.00000
2159,KINGSTON,Kingston Hyperx,DDR3,1333,8.00000
2166,KINGSTON,Kingston Hyperx,DDR3,1333,16.00000
2135,KINGSTON,Kingston Hyperx,DDR3,1600,1.00000
2138,KINGSTON,Kingston Hyperx,DDR3,1600,2.00000
2141,KINGSTON,Kingston Hyperx,DDR3,1600,3.00000
2147,KINGSTON,Kingston Hyperx,DDR3,1600,4.00000
2154,KINGSTON,Kingston Hyperx,DDR3,1600,6.00000
2160,KINGSTON,Kingston Hyperx,DDR3,1600,8.00000
2165,KINGSTON,Kingston Hyperx,DDR3,1600,12.00000
2167,KINGSTON,Kingston Hyperx,DDR3,1600,16.00000
2171,KINGSTON,Kingston Hyperx,DDR3,1600,24.00000
2172,KINGSTON,Kingston Hyperx,DDR3,1600,32.00000
2176,KINGSTON,Kingston Hyperx,DDR3,1600,64.00000
2136,KINGSTON,Kingston Hyperx,DDR3,1800,1.00000
2139,KINGSTON,Kingston Hyperx,DDR3,1800,2.00000
2142,KINGSTON,Kingston Hyperx,DDR3,1800,3.00000
2148,KINGSTON,Kingston Hyperx,DDR3,1800,4.00000
2155,KINGSTON,Kingston Hyperx,DDR3,1800,6.00000
2143,KINGSTON,Kingston Hyperx,DDR3,1866,3.00000
2149,KINGSTON,Kingston Hyperx,DDR3,1866,4.00000
2156,KINGSTON,Kingston Hyperx,DDR3,1866,6.00000
2161,KINGSTON,Kingston Hyperx,DDR3,1866,8.00000
2168,KINGSTON,Kingston Hyperx,DDR3,1866,16.00000
2173,KINGSTON,Kingston Hyperx,DDR3,1866,32.00000
2177,KINGSTON,Kingston Hyperx,DDR3,1866,64.00000
2144,KINGSTON,Kingston Hyperx,DDR3,2000,3.00000
2150,KINGSTON,Kingston Hyperx,DDR3,2000,4.00000
2157,KINGSTON,Kingston Hyperx,DDR3,2000,6.00000
2162,KINGSTON,Kingston Hyperx,DDR3,2000,8.00000
2151,KINGSTON,Kingston Hyperx,DDR3,2133,4.00000
2163,KINGSTON,Kingston Hyperx,DDR3,2133,8.00000
2169,KINGSTON,Kingston Hyperx,DDR3,2133,16.00000
2174,KINGSTON,Kingston Hyperx,DDR3,2133,32.00000
2178,KINGSTON,Kingston Hyperx,DDR3,2133,64.00000
2152,KINGSTON,Kingston Hyperx,DDR3,2250,4.00000
2158,KINGSTON,Kingston Hyperx,DDR3,2250,6.00000
2145,KINGSTON,Kingston Hyperx,DDR3,2333,3.00000
2164,KINGSTON,Kingston Hyperx,DDR3,2400,8.00000
2170,KINGSTON,Kingston Hyperx,DDR3,2400,16.00000
2175,KINGSTON,Kingston Hyperx,DDR3,2400,32.00000
2179,KINGSTON,Kingston Hyperx,DDR3L,1866,16.00000
2180,KINGSTON,Kingston Hyperx,DDR4,2133,4.00000
2181,KINGSTON,Kingston Hyperx Fury,DDR3,1333,4.00000
2184,KINGSTON,Kingston Hyperx Fury,DDR3,1333,8.00000
2187,KINGSTON,Kingston Hyperx Fury,DDR3,1333,16.00000
2182,KINGSTON,Kingston Hyperx Fury,DDR3,1600,4.00000
2185,KINGSTON,Kingston Hyperx Fury,DDR3,1600,8.00000
2188,KINGSTON,Kingston Hyperx Fury,DDR3,1600,16.00000
2183,KINGSTON,Kingston Hyperx Fury,DDR3,1866,4.00000
2186,KINGSTON,Kingston Hyperx Fury,DDR3,1866,8.00000
2189,KINGSTON,Kingston Hyperx Fury,DDR3,1866,16.00000
2190,KINGSTON,Kingston Hyperx Fury,DDR3L,1600,4.00000
2192,KINGSTON,Kingston Hyperx Fury,DDR3L,1600,8.00000
2194,KINGSTON,Kingston Hyperx Fury,DDR3L,1600,16.00000
2191,KINGSTON,Kingston Hyperx Fury,DDR3L,1866,4.00000
2193,KINGSTON,Kingston Hyperx Fury,DDR3L,1866,8.00000
2195,KINGSTON,Kingston Hyperx Fury,DDR3L,1866,16.00000
2196,KINGSTON,Kingston Hyperx Fury,DDR4,2133,4.00000
2199,KINGSTON,Kingston Hyperx Fury,DDR4,2133,8.00000
2205,KINGSTON,Kingston Hyperx Fury,DDR4,2133,16.00000
2211,KINGSTON,Kingston Hyperx Fury,DDR4,2133,32.00000
2217,KINGSTON,Kingston Hyperx Fury,DDR4,2133,64.00000
2197,KINGSTON,Kingston Hyperx Fury,DDR4,2400,4.00000
2200,KINGSTON,Kingston Hyperx Fury,DDR4,2400,8.00000
2206,KINGSTON,Kingston Hyperx Fury,DDR4,2400,16.00000
2212,KINGSTON,Kingston Hyperx Fury,DDR4,2400,32.00000
2218,KINGSTON,Kingston Hyperx Fury,DDR4,2400,64.00000
2198,KINGSTON,Kingston Hyperx Fury,DDR4,2666,4.00000
2201,KINGSTON,Kingston Hyperx Fury,DDR4,2666,8.00000
2207,KINGSTON,Kingston Hyperx Fury,DDR4,2666,16.00000
2213,KINGSTON,Kingston Hyperx Fury,DDR4,2666,32.00000
2219,KINGSTON,Kingston Hyperx Fury,DDR4,2666,64.00000
2202,KINGSTON,Kingston Hyperx Fury,DDR4,2933,8.00000
2208,KINGSTON,Kingston Hyperx Fury,DDR4,2933,16.00000
2214,KINGSTON,Kingston Hyperx Fury,DDR4,2933,32.00000
2220,KINGSTON,Kingston Hyperx Fury,DDR4,2933,64.00000
2203,KINGSTON,Kingston Hyperx Fury,DDR4,3200,8.00000
2209,KINGSTON,Kingston Hyperx Fury,DDR4,3200,16.00000
2215,KINGSTON,Kingston Hyperx Fury,DDR4,3200,32.00000
2204,KINGSTON,Kingston Hyperx Fury,DDR4,3466,8.00000
2210,KINGSTON,Kingston Hyperx Fury,DDR4,3466,16.00000
2216,KINGSTON,Kingston Hyperx Fury,DDR4,3466,32.00000
2221,KINGSTON,Kingston Hyperx Impact,DDR3,1600,4.00000
2222,KINGSTON,Kingston Hyperx Impact,DDR3,1600,8.00000
2225,KINGSTON,Kingston Hyperx Impact,DDR3,1600,16.00000
2223,KINGSTON,Kingston Hyperx Impact,DDR3,1866,8.00000
2226,KINGSTON,Kingston Hyperx Impact,DDR3,1866,16.00000
2224,KINGSTON,Kingston Hyperx Impact,DDR3,2133,8.00000
2227,KINGSTON,Kingston Hyperx Impact,DDR3L,1600,4.00000
2230,KINGSTON,Kingston Hyperx Impact,DDR3L,1600,8.00000
2233,KINGSTON,Kingston Hyperx Impact,DDR3L,1600,16.00000
2228,KINGSTON,Kingston Hyperx Impact,DDR3L,1866,4.00000
2231,KINGSTON,Kingston Hyperx Impact,DDR3L,1866,8.00000
2234,KINGSTON,Kingston Hyperx Impact,DDR3L,1866,16.00000
2229,KINGSTON,Kingston Hyperx Impact,DDR3L,2133,4.00000
2232,KINGSTON,Kingston Hyperx Impact,DDR3L,2133,8.00000
2235,KINGSTON,Kingston Hyperx Impact,DDR3L,2133,16.00000
2236,KINGSTON,Kingston Hyperx Impact,DDR4,2133,4.00000
2238,KINGSTON,Kingston Hyperx Impact,DDR4,2133,8.00000
2243,KINGSTON,Kingston Hyperx Impact,DDR4,2133,16.00000
2248,KINGSTON,Kingston Hyperx Impact,DDR4,2133,32.00000
2253,KINGSTON,Kingston Hyperx Impact,DDR4,2133,64.00000
2237,KINGSTON,Kingston Hyperx Impact,DDR4,2400,4.00000
2239,KINGSTON,Kingston Hyperx Impact,DDR4,2400,8.00000
2244,KINGSTON,Kingston Hyperx Impact,DDR4,2400,16.00000
2249,KINGSTON,Kingston Hyperx Impact,DDR4,2400,32.00000
2254,KINGSTON,Kingston Hyperx Impact,DDR4,2400,64.00000
2240,KINGSTON,Kingston Hyperx Impact,DDR4,2666,8.00000
2245,KINGSTON,Kingston Hyperx Impact,DDR4,2666,16.00000
2250,KINGSTON,Kingston Hyperx Impact,DDR4,2666,32.00000
2241,KINGSTON,Kingston Hyperx Impact,DDR4,2933,8.00000
2246,KINGSTON,Kingston Hyperx Impact,DDR4,2933,16.00000
2251,KINGSTON,Kingston Hyperx Impact,DDR4,2933,32.00000
2242,KINGSTON,Kingston Hyperx Impact,DDR4,3200,8.00000
2247,KINGSTON,Kingston Hyperx Impact,DDR4,3200,16.00000
2252,KINGSTON,Kingston Hyperx Impact,DDR4,3200,32.00000
2255,KINGSTON,Kingston Hyperx Predator,DDR3,1600,8.00000
2264,KINGSTON,Kingston Hyperx Predator,DDR3,1600,32.00000
2256,KINGSTON,Kingston Hyperx Predator,DDR3,1866,8.00000
2261,KINGSTON,Kingston Hyperx Predator,DDR3,1866,16.00000
2265,KINGSTON,Kingston Hyperx Predator,DDR3,1866,32.00000
2257,KINGSTON,Kingston Hyperx Predator,DDR3,2133,8.00000
2262,KINGSTON,Kingston Hyperx Predator,DDR3,2133,16.00000
2266,KINGSTON,Kingston Hyperx Predator,DDR3,2133,32.00000
2258,KINGSTON,Kingston Hyperx Predator,DDR3,2400,8.00000
2263,KINGSTON,Kingston Hyperx Predator,DDR3,2400,16.00000
2267,KINGSTON,Kingston Hyperx Predator,DDR3,2400,32.00000
2259,KINGSTON,Kingston Hyperx Predator,DDR3,2666,8.00000
2260,KINGSTON,Kingston Hyperx Predator,DDR3,2800,8.00000
2272,KINGSTON,Kingston Hyperx Predator,DDR4,2133,16.00000
2281,KINGSTON,Kingston Hyperx Predator,DDR4,2133,32.00000
2268,KINGSTON,Kingston Hyperx Predator,DDR4,2400,8.00000
2273,KINGSTON,Kingston Hyperx Predator,DDR4,2400,16.00000
2282,KINGSTON,Kingston Hyperx Predator,DDR4,2400,32.00000
2289,KINGSTON,Kingston Hyperx Predator,DDR4,2400,64.00000
2269,KINGSTON,Kingston Hyperx Predator,DDR4,2666,8.00000
2274,KINGSTON,Kingston Hyperx Predator,DDR4,2666,16.00000
2283,KINGSTON,Kingston Hyperx Predator,DDR4,2666,32.00000
2290,KINGSTON,Kingston Hyperx Predator,DDR4,2666,64.00000
2275,KINGSTON,Kingston Hyperx Predator,DDR4,2800,16.00000
2284,KINGSTON,Kingston Hyperx Predator,DDR4,2800,32.00000
2291,KINGSTON,Kingston Hyperx Predator,DDR4,2800,64.00000
2270,KINGSTON,Kingston Hyperx Predator,DDR4,3000,8.00000
2276,KINGSTON,Kingston Hyperx Predator,DDR4,3000,16.00000
2285,KINGSTON,Kingston Hyperx Predator,DDR4,3000,32.00000
2292,KINGSTON,Kingston Hyperx Predator,DDR4,3000,64.00000
2293,KINGSTON,Kingston Hyperx Predator,DDR4,3000,128.00000
2271,KINGSTON,Kingston Hyperx Predator,DDR4,3200,8.00000
2277,KINGSTON,Kingston Hyperx Predator,DDR4,3200,16.00000
2286,KINGSTON,Kingston Hyperx Predator,DDR4,3200,32.00000
2278,KINGSTON,Kingston Hyperx Predator,DDR4,3333,16.00000
2287,KINGSTON,Kingston Hyperx Predator,DDR4,3333,32.00000
2279,KINGSTON,Kingston Hyperx Predator,DDR4,3600,16.00000
2288,KINGSTON,Kingston Hyperx Predator,DDR4,3600,32.00000
2280,KINGSTON,Kingston Hyperx Predator,DDR4,4000,16.00000
2294,KINGSTON,Kingston Hyperx Savage,DDR3,1600,4.00000
2298,KINGSTON,Kingston Hyperx Savage,DDR3,1600,8.00000
2302,KINGSTON,Kingston Hyperx Savage,DDR3,1600,16.00000
2306,KINGSTON,Kingston Hyperx Savage,DDR3,1600,32.00000
2295,KINGSTON,Kingston Hyperx Savage,DDR3,1866,4.00000
2299,KINGSTON,Kingston Hyperx Savage,DDR3,1866,8.00000
2303,KINGSTON,Kingston Hyperx Savage,DDR3,1866,16.00000
2307,KINGSTON,Kingston Hyperx Savage,DDR3,1866,32.00000
2296,KINGSTON,Kingston Hyperx Savage,DDR3,2133,4.00000
2300,KINGSTON,Kingston Hyperx Savage,DDR3,2133,8.00000
2304,KINGSTON,Kingston Hyperx Savage,DDR3,2133,16.00000
2308,KINGSTON,Kingston Hyperx Savage,DDR3,2133,32.00000
2297,KINGSTON,Kingston Hyperx Savage,DDR3,2400,4.00000
2301,KINGSTON,Kingston Hyperx Savage,DDR3,2400,8.00000
2305,KINGSTON,Kingston Hyperx Savage,DDR3,2400,16.00000
2309,KINGSTON,Kingston Hyperx Savage,DDR3,2400,32.00000
2310,KINGSTON,Kingston Hyperx Savage,DDR4,2133,4.00000
2315,KINGSTON,Kingston Hyperx Savage,DDR4,2133,8.00000
2320,KINGSTON,Kingston Hyperx Savage,DDR4,2133,16.00000
2325,KINGSTON,Kingston Hyperx Savage,DDR4,2133,32.00000
2311,KINGSTON,Kingston Hyperx Savage,DDR4,2400,4.00000
2316,KINGSTON,Kingston Hyperx Savage,DDR4,2400,8.00000
2321,KINGSTON,Kingston Hyperx Savage,DDR4,2400,16.00000
2326,KINGSTON,Kingston Hyperx Savage,DDR4,2400,32.00000
2330,KINGSTON,Kingston Hyperx Savage,DDR4,2400,64.00000
2312,KINGSTON,Kingston Hyperx Savage,DDR4,2666,4.00000
2317,KINGSTON,Kingston Hyperx Savage,DDR4,2666,8.00000
2322,KINGSTON,Kingston Hyperx Savage,DDR4,2666,16.00000
2327,KINGSTON,Kingston Hyperx Savage,DDR4,2666,32.00000
2331,KINGSTON,Kingston Hyperx Savage,DDR4,2666,64.00000
2333,KINGSTON,Kingston Hyperx Savage,DDR4,2666,128.00000
2313,KINGSTON,Kingston Hyperx Savage,DDR4,2800,4.00000
2318,KINGSTON,Kingston Hyperx Savage,DDR4,2800,8.00000
2323,KINGSTON,Kingston Hyperx Savage,DDR4,2800,16.00000
2328,KINGSTON,Kingston Hyperx Savage,DDR4,2800,32.00000
2332,KINGSTON,Kingston Hyperx Savage,DDR4,2800,64.00000
2314,KINGSTON,Kingston Hyperx Savage,DDR4,3000,4.00000
2319,KINGSTON,Kingston Hyperx Savage,DDR4,3000,8.00000
2324,KINGSTON,Kingston Hyperx Savage,DDR4,3000,16.00000
2329,KINGSTON,Kingston Hyperx Savage,DDR4,3000,32.00000
2334,KINGSTON,Kingston Lovo,DDR3,1600,4.00000
2335,KINGSTON,Kingston Lv Xmp 10Th Anniversary,DDR3,1600,16.00000
2336,KINGSTON,Kingston Server Premier,DDR3,1600,4.00000
2338,KINGSTON,Kingston Server Premier,DDR3,1600,8.00000
2337,KINGSTON,Kingston Server Premier,DDR3,1866,4.00000
2339,KINGSTON,Kingston Server Premier,DDR3,1866,8.00000
2340,KINGSTON,Kingston Server Premier,DDR4,2400,8.00000
2342,KINGSTON,Kingston Server Premier,DDR4,2400,16.00000
2344,KINGSTON,Kingston Server Premier,DDR4,2400,32.00000
2346,KINGSTON,Kingston Server Premier,DDR4,2400,64.00000
2341,KINGSTON,Kingston Server Premier,DDR4,2666,8.00000
2343,KINGSTON,Kingston Server Premier,DDR4,2666,16.00000
2345,KINGSTON,Kingston Server Premier,DDR4,2666,32.00000
2347,KINGSTON,Kingston Server Premier,DDR4,2666,64.00000
2349,KINGSTON,Kingston T1,DDR3,1600,8.00000
2348,KINGSTON,Kingston T1,DDR3,1866,6.00000
2350,KINGSTON,Kingston T1,DDR3,1866,8.00000
2351,KINGSTON,Kingston T1 Black,DDR3,1866,8.00000
2352,KINGSTON,Kingston Value,DDR2,400,1.00000
2353,KINGSTON,Kingston Value,DDR3,1066,2.00000
2354,KINGSTON,Kingston Value,DDR3,1066,4.00000
2356,KINGSTON,Kingston Value,DDR3,1066,6.00000
2355,KINGSTON,Kingston Value,DDR3,1333,4.00000
2357,KINGSTON,Kingston Value,DDR3,1333,6.00000
2358,KINGSTON,Kingston Valueram,DDR,266,.12500
2361,KINGSTON,Kingston Valueram,DDR,266,.50000
2364,KINGSTON,Kingston Valueram,DDR,266,1.00000
2359,KINGSTON,Kingston Valueram,DDR,333,.25000
2362,KINGSTON,Kingston Valueram,DDR,333,.50000
2365,KINGSTON,Kingston Valueram,DDR,333,1.00000
2360,KINGSTON,Kingston Valueram,DDR,400,.25000
2363,KINGSTON,Kingston Valueram,DDR,400,.50000
2366,KINGSTON,Kingston Valueram,DDR,400,1.00000
2367,KINGSTON,Kingston Valueram,DDR,400,2.00000
2368,KINGSTON,Kingston Valueram,DDR2,400,.25000
2370,KINGSTON,Kingston Valueram,DDR2,400,.50000
2374,KINGSTON,Kingston Valueram,DDR2,400,1.00000
2378,KINGSTON,Kingston Valueram,DDR2,400,2.00000
2382,KINGSTON,Kingston Valueram,DDR2,400,4.00000
2385,KINGSTON,Kingston Valueram,DDR2,400,8.00000
2369,KINGSTON,Kingston Valueram,DDR2,533,.25000
2371,KINGSTON,Kingston Valueram,DDR2,533,.50000
2375,KINGSTON,Kingston Valueram,DDR2,533,1.00000
2379,KINGSTON,Kingston Valueram,DDR2,533,2.00000
2372,KINGSTON,Kingston Valueram,DDR2,667,.50000
2376,KINGSTON,Kingston Valueram,DDR2,667,1.00000
2380,KINGSTON,Kingston Valueram,DDR2,667,2.00000
2383,KINGSTON,Kingston Valueram,DDR2,667,4.00000
2386,KINGSTON,Kingston Valueram,DDR2,667,8.00000
2388,KINGSTON,Kingston Valueram,DDR2,667,16.00000
2373,KINGSTON,Kingston Valueram,DDR2,800,.50000
2377,KINGSTON,Kingston Valueram,DDR2,800,1.00000
2381,KINGSTON,Kingston Valueram,DDR2,800,2.00000
2384,KINGSTON,Kingston Valueram,DDR2,800,4.00000
2387,KINGSTON,Kingston Valueram,DDR2,800,8.00000
2389,KINGSTON,Kingston Valueram,DDR3,1066,1.00000
2391,KINGSTON,Kingston Valueram,DDR3,1066,2.00000
2395,KINGSTON,Kingston Valueram,DDR3,1066,4.00000
2399,KINGSTON,Kingston Valueram,DDR3,1066,6.00000
2401,KINGSTON,Kingston Valueram,DDR3,1066,8.00000
2390,KINGSTON,Kingston Valueram,DDR3,1333,1.00000
2392,KINGSTON,Kingston Valueram,DDR3,1333,2.00000
2394,KINGSTON,Kingston Valueram,DDR3,1333,3.00000
2396,KINGSTON,Kingston Valueram,DDR3,1333,4.00000
2400,KINGSTON,Kingston Valueram,DDR3,1333,6.00000
2402,KINGSTON,Kingston Valueram,DDR3,1333,8.00000
2405,KINGSTON,Kingston Valueram,DDR3,1333,12.00000
2408,KINGSTON,Kingston Valueram,DDR3,1333,16.00000
2411,KINGSTON,Kingston Valueram,DDR3,1333,24.00000
2414,KINGSTON,Kingston Valueram,DDR3,1333,32.00000
2417,KINGSTON,Kingston Valueram,DDR3,1333,48.00000
2420,KINGSTON,Kingston Valueram,DDR3,1333,64.00000
2423,KINGSTON,Kingston Valueram,DDR3,1333,128.00000
2393,KINGSTON,Kingston Valueram,DDR3,1600,2.00000
2397,KINGSTON,Kingston Valueram,DDR3,1600,4.00000
2403,KINGSTON,Kingston Valueram,DDR3,1600,8.00000
2406,KINGSTON,Kingston Valueram,DDR3,1600,12.00000
2409,KINGSTON,Kingston Valueram,DDR3,1600,16.00000
2412,KINGSTON,Kingston Valueram,DDR3,1600,24.00000
2415,KINGSTON,Kingston Valueram,DDR3,1600,32.00000
2418,KINGSTON,Kingston Valueram,DDR3,1600,48.00000
2421,KINGSTON,Kingston Valueram,DDR3,1600,64.00000
2398,KINGSTON,Kingston Valueram,DDR3,1866,4.00000
2404,KINGSTON,Kingston Valueram,DDR3,1866,8.00000
2407,KINGSTON,Kingston Valueram,DDR3,1866,12.00000
2410,KINGSTON,Kingston Valueram,DDR3,1866,16.00000
2413,KINGSTON,Kingston Valueram,DDR3,1866,24.00000
2416,KINGSTON,Kingston Valueram,DDR3,1866,32.00000
2419,KINGSTON,Kingston Valueram,DDR3,1866,48.00000
2422,KINGSTON,Kingston Valueram,DDR3,1866,64.00000
2424,KINGSTON,Kingston Valueram,DDR3L,1333,2.00000
2426,KINGSTON,Kingston Valueram,DDR3L,1333,4.00000
2428,KINGSTON,Kingston Valueram,DDR3L,1333,8.00000
2430,KINGSTON,Kingston Valueram,DDR3L,1333,12.00000
2432,KINGSTON,Kingston Valueram,DDR3L,1333,16.00000
2434,KINGSTON,Kingston Valueram,DDR3L,1333,32.00000
2436,KINGSTON,Kingston Valueram,DDR3L,1333,48.00000
2438,KINGSTON,Kingston Valueram,DDR3L,1333,64.00000
2425,KINGSTON,Kingston Valueram,DDR3L,1600,2.00000
2427,KINGSTON,Kingston Valueram,DDR3L,1600,4.00000
2429,KINGSTON,Kingston Valueram,DDR3L,1600,8.00000
2431,KINGSTON,Kingston Valueram,DDR3L,1600,12.00000
2433,KINGSTON,Kingston Valueram,DDR3L,1600,16.00000
2435,KINGSTON,Kingston Valueram,DDR3L,1600,32.00000
2437,KINGSTON,Kingston Valueram,DDR3L,1600,48.00000
2439,KINGSTON,Kingston Valueram,DDR3L,1600,64.00000
2440,KINGSTON,Kingston Valueram,DDR4,2133,4.00000
2442,KINGSTON,Kingston Valueram,DDR4,2133,8.00000
2445,KINGSTON,Kingston Valueram,DDR4,2133,16.00000
2448,KINGSTON,Kingston Valueram,DDR4,2133,32.00000
2450,KINGSTON,Kingston Valueram,DDR4,2133,64.00000
2452,KINGSTON,Kingston Valueram,DDR4,2133,128.00000
2441,KINGSTON,Kingston Valueram,DDR4,2400,4.00000
2443,KINGSTON,Kingston Valueram,DDR4,2400,8.00000
2446,KINGSTON,Kingston Valueram,DDR4,2400,16.00000
2449,KINGSTON,Kingston Valueram,DDR4,2400,32.00000
2451,KINGSTON,Kingston Valueram,DDR4,2400,64.00000
2453,KINGSTON,Kingston Valueram,DDR4,2400,128.00000
2444,KINGSTON,Kingston Valueram,DDR4,2666,8.00000
2447,KINGSTON,Kingston Valueram,DDR4,2666,16.00000
2454,KINGSTON,Kingston Valueram,SDR,100,.12500
2455,KINGSTON,Kingston Valueram,SDR,133,.12500
2456,KINGSTON,Kingston Valueram,SDR,133,.25000
2457,KINGSTON,Kingston Valueram,SDR,133,.50000
2458,KINGSTON,Kingston Valueram Bulk,DDR3,1333,2.00000
2459,KINGSTON,Kingston Valueram Bulk,DDR3,1600,8.00000
2460,KINGSTON,Kingston Valueram Bulk,DDR4,2133,8.00000
2461,KINGSTON,Kingston Valueram Bulk,DDR4,2133,16.00000
2462,KINGSTON,Kingston Valueram Elpida,DDR3L,1600,4.00000
2463,KINGSTON,Kingston Valueram Fb-,DDR2,667,2.00000
2464,KINGSTON,Kingston Valueram Fb-,DDR2,667,4.00000
2465,KINGSTON,Kingston Valueram Fb-,DDR2,667,8.00000
2466,KINGSTON,Kingston Valueram Hynix,DDR2,800,4.00000
2467,KINGSTON,Kingston Valueram Hynix,DDR3,1333,4.00000
2468,KINGSTON,Kingston Valueram Hynix,DDR3,1600,4.00000
2469,KINGSTON,Kingston Valueram Hynix,DDR3,1600,8.00000
2470,KINGSTON,Kingston Valueram Hynix,DDR3,1600,16.00000
2471,KINGSTON,Kingston Valueram Hynix,DDR3L,1333,8.00000
2473,KINGSTON,Kingston Valueram Hynix,DDR3L,1333,16.00000
2472,KINGSTON,Kingston Valueram Hynix,DDR3L,1600,8.00000
2474,KINGSTON,Kingston Valueram Hynix A-Die,DDR4,2133,4.00000
2475,KINGSTON,Kingston Valueram Hynix B-Die,DDR3L,1600,8.00000
2476,KINGSTON,Kingston Valueram Hynix B-Die,DDR3L,1600,16.00000
2477,KINGSTON,Kingston Valueram Intel,DDR2,667,1.00000
2479,KINGSTON,Kingston Valueram Intel,DDR3,1066,3.00000
2478,KINGSTON,Kingston Valueram Intel,DDR3,1333,2.00000
2480,KINGSTON,Kingston Valueram Intel,DDR3,1333,4.00000
2481,KINGSTON,Kingston Valueram Intel,DDR3,1600,4.00000
2482,KINGSTON,Kingston Valueram Intel,DDR3,1600,8.00000
2483,KINGSTON,Kingston Valueram Intel,DDR3,1600,16.00000
2484,KINGSTON,Kingston Valueram Intel,DDR3,1600,32.00000
2486,KINGSTON,Kingston Valueram Intel,DDR3,1600,48.00000
2487,KINGSTON,Kingston Valueram Intel,DDR3,1600,64.00000
2485,KINGSTON,Kingston Valueram Intel,DDR3,1866,32.00000
2492,KINGSTON,Kingston Valueram Intel,DDR3L,1333,64.00000
2488,KINGSTON,Kingston Valueram Intel,DDR3L,1600,4.00000
2489,KINGSTON,Kingston Valueram Intel,DDR3L,1600,8.00000
2490,KINGSTON,Kingston Valueram Intel,DDR3L,1600,24.00000
2491,KINGSTON,Kingston Valueram Intel,DDR3L,1600,32.00000
2494,KINGSTON,Kingston Valueram Intel,DDR4,2133,8.00000
2496,KINGSTON,Kingston Valueram Intel,DDR4,2133,16.00000
2498,KINGSTON,Kingston Valueram Intel,DDR4,2133,32.00000
2500,KINGSTON,Kingston Valueram Intel,DDR4,2133,64.00000
2493,KINGSTON,Kingston Valueram Intel,DDR4,2400,4.00000
2495,KINGSTON,Kingston Valueram Intel,DDR4,2400,8.00000
2497,KINGSTON,Kingston Valueram Intel,DDR4,2400,16.00000
2499,KINGSTON,Kingston Valueram Intel,DDR4,2400,32.00000
2501,KINGSTON,Kingston Valueram Intel,DDR4,2400,64.00000
2502,KINGSTON,Kingston Valueram Intel,DDR4,2400,128.00000
2503,KINGSTON,Kingston Valueram Intel Lr,DDR3L,1333,32.00000
2504,KINGSTON,Kingston Valueram Intel Lr,DDR4,2400,32.00000
2505,KINGSTON,Kingston Valueram Intel Lr,DDR4,2400,128.00000
2506,KINGSTON,Kingston Valueram Lr,DDR3,1866,32.00000
2507,KINGSTON,Kingston Valueram Lr,DDR3L,1333,32.00000
2508,KINGSTON,Kingston Valueram Lr,DDR4,2133,32.00000
2509,KINGSTON,Kingston Valueram Lr,DDR4,2400,32.00000
2510,KINGSTON,Kingston Valueram Lr,DDR4,2400,64.00000
2511,KINGSTON,Kingston Valueram Lr,DDR4,2400,128.00000
2513,KINGSTON,Kingston Valueram Server Premier,DDR3,1600,8.00000
2514,KINGSTON,Kingston Valueram Server Premier,DDR3,1600,16.00000
2512,KINGSTON,Kingston Valueram Server Premier,DDR3,1866,4.00000
2515,KINGSTON,Kingston Valueram Server Premier,DDR3L,1600,4.00000
2516,KINGSTON,Kingston Valueram Server Premier,DDR3L,1600,8.00000
2517,KINGSTON,Kingston Valueram Server Premier,DDR3L,1600,16.00000
2518,KINGSTON,Kingston Valueram Server Premier,DDR4,2400,4.00000
2519,KINGSTON,Kingston Valueram Server Premier,DDR4,2400,8.00000
2520,KINGSTON,Kingston Valueram Server Premier,DDR4,2400,16.00000
2521,KINGSTON,Kingston Valueram Server Premier,DDR4,2400,32.00000
2522,KINGSTON,Kingston Valueram Server Premier Vlp,DDR4,2400,8.00000
2523,KINGSTON,Kingston Valueram Server Premier Vlp,DDR4,2400,16.00000
2524,KINGSTON,Kingston Valueram Ts,DDR3,1333,2.00000
2525,KINGSTON,Kingston Valueram Ts,DDR3,1600,4.00000
2526,KINGSTON,Kingston Valueram Vlp,DDR,266,.50000
2527,KINGSTON,Kingston Valueram Vlp,DDR,333,1.00000
2528,KINGSTON,Kingston Valueram Vlp,DDR,400,1.00000
2529,KINGSTON,Kingston Valueram Vlp,DDR2,667,1.00000
2530,KINGSTON,Kingston Valueram Vlp,DDR3,1333,8.00000
2531,KINGSTON,Kingston Valueram Vlp,DDR3,1600,8.00000
2533,KINGSTON,Kingston Valueram Vlp,DDR3L,1333,8.00000
2535,KINGSTON,Kingston Valueram Vlp,DDR3L,1333,16.00000
2532,KINGSTON,Kingston Valueram Vlp,DDR3L,1600,4.00000
2534,KINGSTON,Kingston Valueram Vlp,DDR3L,1600,8.00000
2536,KINGSTON,Kingston Valueram Vlp,DDR3L,1600,16.00000
2537,KINGSTON,Kingston Xmp 10Th Anniversary,DDR3,1600,8.00000
2539,KINGSTON,Kingston Xmp 10Th Anniversary,DDR3,1600,16.00000
2543,KINGSTON,Kingston Xmp 10Th Anniversary,DDR3,1600,32.00000
2538,KINGSTON,Kingston Xmp 10Th Anniversary,DDR3,1866,8.00000
2540,KINGSTON,Kingston Xmp 10Th Anniversary,DDR3,1866,16.00000
2541,KINGSTON,Kingston Xmp 10Th Anniversary,DDR3,2133,16.00000
2542,KINGSTON,Kingston Xmp 10Th Anniversary,DDR3,2400,16.00000
2544,KINGSTON,Kingston Xmp Black,DDR3,1600,4.00000
2545,KINGSTON,Kingston Xmp Blu Red,DDR3,1600,4.00000
2546,KINGSTON,Kingston Xmp Blu Red,DDR3,1600,8.00000
2547,KINGSTON,Kingston Xmp Blu Red,DDR3,1600,16.00000
2548,KLEVV,Klevv Cras,DDR4,2133,16.00000
2552,KLEVV,Klevv Cras,DDR4,2133,32.00000
2549,KLEVV,Klevv Cras,DDR4,2666,16.00000
2553,KLEVV,Klevv Cras,DDR4,2666,32.00000
2550,KLEVV,Klevv Cras,DDR4,2800,16.00000
2554,KLEVV,Klevv Cras,DDR4,2800,32.00000
2551,KLEVV,Klevv Cras,DDR4,3000,16.00000
2555,KLEVV,Klevv Cras Red,DDR4,3200,16.00000
2556,KLEVV,Klevv Cras Red,DDR4,3200,32.00000
2557,KLEVV,Klevv Cras Red Led,DDR4,3200,16.00000
2558,KLEVV,Klevv Fit,DDR3,1600,8.00000
2559,KLEVV,Klevv Fit Faker Edition,DDR3,1600,8.00000
2560,KLEVV,Klevv Genuine,DDR3,1600,8.00000
2567,KLEVV,Klevv Genuine,DDR3,1600,16.00000
2574,KLEVV,Klevv Genuine,DDR3,1600,32.00000
2561,KLEVV,Klevv Genuine,DDR3,1866,8.00000
2568,KLEVV,Klevv Genuine,DDR3,1866,16.00000
2575,KLEVV,Klevv Genuine,DDR3,1866,32.00000
2562,KLEVV,Klevv Genuine,DDR3,2133,8.00000
2569,KLEVV,Klevv Genuine,DDR3,2133,16.00000
2576,KLEVV,Klevv Genuine,DDR3,2133,32.00000
2563,KLEVV,Klevv Genuine,DDR3,2400,8.00000
2570,KLEVV,Klevv Genuine,DDR3,2400,16.00000
2577,KLEVV,Klevv Genuine,DDR3,2400,32.00000
2564,KLEVV,Klevv Genuine,DDR3,2666,8.00000
2571,KLEVV,Klevv Genuine,DDR3,2666,16.00000
2578,KLEVV,Klevv Genuine,DDR3,2666,32.00000
2565,KLEVV,Klevv Genuine,DDR3,2800,8.00000
2572,KLEVV,Klevv Genuine,DDR3,2800,16.00000
2566,KLEVV,Klevv Genuine,DDR3,2933,8.00000
2573,KLEVV,Klevv Genuine,DDR3,2933,16.00000
2579,KLEVV,Klevv Genuine Led,DDR3,2400,8.00000
2580,KLEVV,Klevv Genuine Led,DDR3,2666,8.00000
2581,KLEVV,Klevv Genuine Led,DDR3,2800,8.00000
2582,KLEVV,Klevv Neo,DDR3,1600,8.00000
2586,KLEVV,Klevv Neo,DDR3,1600,16.00000
2590,KLEVV,Klevv Neo,DDR3,1600,32.00000
2583,KLEVV,Klevv Neo,DDR3,1866,8.00000
2587,KLEVV,Klevv Neo,DDR3,1866,16.00000
2591,KLEVV,Klevv Neo,DDR3,1866,32.00000
2584,KLEVV,Klevv Neo,DDR3,2133,8.00000
2588,KLEVV,Klevv Neo,DDR3,2133,16.00000
2585,KLEVV,Klevv Neo,DDR3,2400,8.00000
2589,KLEVV,Klevv Neo,DDR3,2400,16.00000
2592,KLEVV,Klevv Neo,DDR3,2400,32.00000
2593,KLEVV,Klevv Urbane,DDR3,1600,8.00000
2600,KLEVV,Klevv Urbane,DDR3,1600,16.00000
2607,KLEVV,Klevv Urbane,DDR3,1600,32.00000
2594,KLEVV,Klevv Urbane,DDR3,1866,8.00000
2601,KLEVV,Klevv Urbane,DDR3,1866,16.00000
2608,KLEVV,Klevv Urbane,DDR3,1866,32.00000
2595,KLEVV,Klevv Urbane,DDR3,2133,8.00000
2602,KLEVV,Klevv Urbane,DDR3,2133,16.00000
2596,KLEVV,Klevv Urbane,DDR3,2400,8.00000
2603,KLEVV,Klevv Urbane,DDR3,2400,16.00000
2609,KLEVV,Klevv Urbane,DDR3,2400,32.00000
2597,KLEVV,Klevv Urbane,DDR3,2666,8.00000
2604,KLEVV,Klevv Urbane,DDR3,2666,16.00000
2610,KLEVV,Klevv Urbane,DDR3,2666,32.00000
2598,KLEVV,Klevv Urbane,DDR3,2800,8.00000
2605,KLEVV,Klevv Urbane,DDR3,2800,16.00000
2599,KLEVV,Klevv Urbane,DDR3,2933,8.00000
2606,KLEVV,Klevv Urbane,DDR3,2933,16.00000
2611,LEXAR,Lexar,DDR3,1600,8.00000
2612,MDT,Mdt,DDR,400,.50000
2613,MICRON,Micron,DDR2,400,1.00000
2614,MICRON,Micron,DDR2,667,2.00000
2615,MICRON,Micron,DDR2,667,8.00000
2616,MICRON,Micron,DDR3,1066,1.00000
2621,MICRON,Micron,DDR3,1066,8.00000
2618,MICRON,Micron,DDR3,1333,4.00000
2624,MICRON,Micron,DDR3,1333,32.00000
2617,MICRON,Micron,DDR3,1600,2.00000
2619,MICRON,Micron,DDR3,1600,4.00000
2623,MICRON,Micron,DDR3,1600,16.00000
2620,MICRON,Micron,DDR3,1866,4.00000
2622,MICRON,Micron,DDR3,1866,8.00000
2626,MICRON,Micron,DDR3L,1600,8.00000
2625,MICRON,Micron,DDR3L,1866,4.00000
2627,MICRON,Micron,DDR4,2133,4.00000
2630,MICRON,Micron,DDR4,2133,8.00000
2633,MICRON,Micron,DDR4,2133,16.00000
2628,MICRON,Micron,DDR4,2400,4.00000
2631,MICRON,Micron,DDR4,2400,8.00000
2634,MICRON,Micron,DDR4,2400,16.00000
2635,MICRON,Micron,DDR4,2400,64.00000
2629,MICRON,Micron,DDR4,2666,4.00000
2632,MICRON,Micron,DDR4,2666,8.00000
2636,MICRON,Micron,DDR4,2666,64.00000
2637,MICRON,Micron Server,DDR2,800,1.00000
2638,MICRON,Micron Server,DDR3,1066,2.00000
2639,MICRON,Micron Server,DDR3,1333,4.00000
2640,MICRON,Micron Server,DDR3,1333,8.00000
2641,MUSHKIN,Mushkin,DDR,333,1.00000
2642,MUSHKIN,Mushkin,DDR,400,1.00000
2643,MUSHKIN,Mushkin,DDR2,533,1.00000
2644,MUSHKIN,Mushkin,DDR2,667,2.00000
2645,MUSHKIN,Mushkin,DDR2,667,4.00000
2647,MUSHKIN,Mushkin,DDR2,667,8.00000
2646,MUSHKIN,Mushkin,DDR2,800,4.00000
2648,MUSHKIN,Mushkin,DDR3,1066,2.00000
2650,MUSHKIN,Mushkin,DDR3,1066,4.00000
2652,MUSHKIN,Mushkin,DDR3,1066,8.00000
2649,MUSHKIN,Mushkin,DDR3,1333,2.00000
2651,MUSHKIN,Mushkin,DDR3,1333,4.00000
2653,MUSHKIN,Mushkin,DDR3,1333,8.00000
2655,MUSHKIN,Mushkin,DDR3,1333,16.00000
2657,MUSHKIN,Mushkin,DDR3,1333,32.00000
2659,MUSHKIN,Mushkin,DDR3,1333,64.00000
2654,MUSHKIN,Mushkin,DDR3,1600,8.00000
2656,MUSHKIN,Mushkin,DDR3,1866,16.00000
2658,MUSHKIN,Mushkin,DDR3,1866,32.00000
2660,MUSHKIN,Mushkin,DDR3,1866,64.00000
2661,MUSHKIN,Mushkin,DDR4,2666,32.00000
2662,MUSHKIN,Mushkin Blackline,DDR3,1333,4.00000
2664,MUSHKIN,Mushkin Blackline,DDR3,1333,6.00000
2663,MUSHKIN,Mushkin Blackline,DDR3,1600,4.00000
2665,MUSHKIN,Mushkin Blackline,DDR3,1600,6.00000
2666,MUSHKIN,Mushkin Blackline,DDR3,1600,8.00000
2672,MUSHKIN,Mushkin Blackline,DDR3,1600,12.00000
2674,MUSHKIN,Mushkin Blackline,DDR3,1600,16.00000
2680,MUSHKIN,Mushkin Blackline,DDR3,1600,32.00000
2667,MUSHKIN,Mushkin Blackline,DDR3,1866,8.00000
2675,MUSHKIN,Mushkin Blackline,DDR3,1866,16.00000
2681,MUSHKIN,Mushkin Blackline,DDR3,1866,32.00000
2668,MUSHKIN,Mushkin Blackline,DDR3,2000,8.00000
2673,MUSHKIN,Mushkin Blackline,DDR3,2000,12.00000
2676,MUSHKIN,Mushkin Blackline,DDR3,2000,16.00000
2669,MUSHKIN,Mushkin Blackline,DDR3,2133,8.00000
2677,MUSHKIN,Mushkin Blackline,DDR3,2133,16.00000
2682,MUSHKIN,Mushkin Blackline,DDR3,2133,32.00000
2670,MUSHKIN,Mushkin Blackline,DDR3,2400,8.00000
2678,MUSHKIN,Mushkin Blackline,DDR3,2400,16.00000
2683,MUSHKIN,Mushkin Blackline,DDR3,2400,32.00000
2671,MUSHKIN,Mushkin Blackline,DDR3,2666,8.00000
2679,MUSHKIN,Mushkin Blackline,DDR3,2666,16.00000
2684,MUSHKIN,Mushkin Blackline,DDR4,2133,4.00000
2687,MUSHKIN,Mushkin Blackline,DDR4,2133,8.00000
2690,MUSHKIN,Mushkin Blackline,DDR4,2133,16.00000
2693,MUSHKIN,Mushkin Blackline,DDR4,2133,32.00000
2685,MUSHKIN,Mushkin Blackline,DDR4,2400,4.00000
2688,MUSHKIN,Mushkin Blackline,DDR4,2400,8.00000
2691,MUSHKIN,Mushkin Blackline,DDR4,2400,16.00000
2694,MUSHKIN,Mushkin Blackline,DDR4,2400,32.00000
2686,MUSHKIN,Mushkin Blackline,DDR4,2800,4.00000
2689,MUSHKIN,Mushkin Blackline,DDR4,2800,8.00000
2692,MUSHKIN,Mushkin Blackline,DDR4,2800,16.00000
2695,MUSHKIN,Mushkin Blackline,DDR4,2800,32.00000
2696,MUSHKIN,Mushkin Blackline Frostbyte,DDR3,1600,4.00000
2697,MUSHKIN,Mushkin Blackline Frostbyte,DDR3,1600,8.00000
2698,MUSHKIN,Mushkin Blackline Frostbyte,DDR3,1600,16.00000
2699,MUSHKIN,Mushkin Blackline Frostbyte,DDR3,1866,16.00000
2700,MUSHKIN,Mushkin Blackline Frostbyte,DDR3,2133,16.00000
2701,MUSHKIN,Mushkin Blackline Frostbyte,DDR4,2400,16.00000
2702,MUSHKIN,Mushkin Blackline Frostbyte G3,DDR3,1600,8.00000
2704,MUSHKIN,Mushkin Blackline Frostbyte G3,DDR3,1600,16.00000
2703,MUSHKIN,Mushkin Blackline Frostbyte G3,DDR3,2133,8.00000
2705,MUSHKIN,Mushkin Blackline Frostbyte G3,DDR3,2133,16.00000
2706,MUSHKIN,Mushkin Blackline Frostbyte G3,DDR3,2400,16.00000
2707,MUSHKIN,Mushkin Blackline Frostbyte G3,DDR4,2133,4.00000
2709,MUSHKIN,Mushkin Blackline Frostbyte G3,DDR4,2133,8.00000
2711,MUSHKIN,Mushkin Blackline Frostbyte G3,DDR4,2133,16.00000
2713,MUSHKIN,Mushkin Blackline Frostbyte G3,DDR4,2133,32.00000
2708,MUSHKIN,Mushkin Blackline Frostbyte G3,DDR4,2400,4.00000
2710,MUSHKIN,Mushkin Blackline Frostbyte G3,DDR4,2400,8.00000
2712,MUSHKIN,Mushkin Blackline Frostbyte G3,DDR4,2400,16.00000
2714,MUSHKIN,Mushkin Blackline Frostbyte G3,DDR4,2400,32.00000
2715,MUSHKIN,Mushkin Blackline Radioactive,DDR3,2666,8.00000
2716,MUSHKIN,Mushkin Blackline Radioactive,DDR3,2666,16.00000
2717,MUSHKIN,Mushkin Blackline Ridgeback,DDR3,2400,16.00000
2718,MUSHKIN,Mushkin Blackline Ridgeback,DDR4,2400,16.00000
2719,MUSHKIN,Mushkin Eco2,DDR3,1600,4.00000
2720,MUSHKIN,Mushkin Eco2,DDR3,1600,8.00000
2721,MUSHKIN,Mushkin Eco2,DDR3,1600,16.00000
2722,MUSHKIN,Mushkin Eco2,DDR3,1600,32.00000
2723,MUSHKIN,Mushkin Enhanced Apple,DDR3,1600,8.00000
2724,MUSHKIN,Mushkin Enhanced Blackline Frostbyte,DDR3,1600,8.00000
2725,MUSHKIN,Mushkin Enhanced Blackline Frostbyte,DDR3,2133,16.00000
2726,MUSHKIN,Mushkin Enhanced Blackline Frostbyte,DDR3L,1600,16.00000
2727,MUSHKIN,Mushkin Enhanced Blackline Frostbyte G3,DDR3,1600,4.00000
2729,MUSHKIN,Mushkin Enhanced Blackline Frostbyte G3,DDR3,1600,16.00000
2728,MUSHKIN,Mushkin Enhanced Blackline Frostbyte G3,DDR3,2133,8.00000
2730,MUSHKIN,Mushkin Enhanced Blackline Frostbyte G3,DDR3,2133,16.00000
2731,MUSHKIN,Mushkin Enhanced Blackline Frostbyte G3,DDR3,2400,16.00000
2732,MUSHKIN,Mushkin Enhanced Blackline Frostbyte G3,DDR4,2400,16.00000
2733,MUSHKIN,Mushkin Enhanced Blackline Frostbyte G3,DDR4,2400,32.00000
2734,MUSHKIN,Mushkin Enhanced Blackline Ridgeback,DDR3,1600,4.00000
2735,MUSHKIN,Mushkin Enhanced Blackline Ridgeback G2,DDR4,2400,16.00000
2736,MUSHKIN,Mushkin Enhanced Blackline Ridgeback G2,DDR4,2400,32.00000
2737,MUSHKIN,Mushkin Enhanced Essentials,DDR4,2400,16.00000
2738,MUSHKIN,Mushkin Enhanced Essentials,DDR4,2400,32.00000
2739,MUSHKIN,Mushkin Enhanced Fb-,DDR2,800,4.00000
2741,MUSHKIN,Mushkin Enhanced Proline,DDR2,667,4.00000
2740,MUSHKIN,Mushkin Enhanced Proline,DDR2,800,2.00000
2742,MUSHKIN,Mushkin Enhanced Proline,DDR2,800,4.00000
2743,MUSHKIN,Mushkin Enhanced Proline,DDR3,1333,4.00000
2744,MUSHKIN,Mushkin Enhanced Proline,DDR3,1333,8.00000
2745,MUSHKIN,Mushkin Enhanced Radioactive,DDR3,1600,8.00000
2746,MUSHKIN,Mushkin Enhanced Radioactive,DDR3,2400,16.00000
2747,MUSHKIN,Mushkin Enhanced Redline,DDR4,2666,16.00000
2748,MUSHKIN,Mushkin Enhanced Redline,DDR4,2800,16.00000
2749,MUSHKIN,Mushkin Enhanced Redline,DDR4,2800,32.00000
2750,MUSHKIN,Mushkin Enhanced Redline Frostbyte,DDR3,1600,6.00000
2751,MUSHKIN,Mushkin Enhanced Redline Frostbyte,DDR3,1600,8.00000
2752,MUSHKIN,Mushkin Enhanced Redline Frostbyte G3,DDR4,2666,16.00000
2756,MUSHKIN,Mushkin Enhanced Redline Frostbyte G3,DDR4,2666,32.00000
2753,MUSHKIN,Mushkin Enhanced Redline Frostbyte G3,DDR4,2800,16.00000
2757,MUSHKIN,Mushkin Enhanced Redline Frostbyte G3,DDR4,2800,32.00000
2754,MUSHKIN,Mushkin Enhanced Redline Frostbyte G3,DDR4,3000,16.00000
2758,MUSHKIN,Mushkin Enhanced Redline Frostbyte G3,DDR4,3000,32.00000
2755,MUSHKIN,Mushkin Enhanced Redline Frostbyte G3,DDR4,3200,16.00000
2759,MUSHKIN,Mushkin Enhanced Redline Ridgeback,DDR3,1600,8.00000
2761,MUSHKIN,Mushkin Enhanced Redline Ridgeback G2,DDR4,2666,16.00000
2765,MUSHKIN,Mushkin Enhanced Redline Ridgeback G2,DDR4,2666,32.00000
2762,MUSHKIN,Mushkin Enhanced Redline Ridgeback G2,DDR4,2800,16.00000
2766,MUSHKIN,Mushkin Enhanced Redline Ridgeback G2,DDR4,2800,32.00000
2760,MUSHKIN,Mushkin Enhanced Redline Ridgeback G2,DDR4,3000,8.00000
2763,MUSHKIN,Mushkin Enhanced Redline Ridgeback G2,DDR4,3000,16.00000
2764,MUSHKIN,Mushkin Enhanced Redline Ridgeback G2,DDR4,3200,16.00000
2767,MUSHKIN,Mushkin Enhanced Silverline,DDR4,2133,4.00000
2768,MUSHKIN,Mushkin Enhanced Silverline,DDR4,2133,8.00000
2769,MUSHKIN,Mushkin Enhanced Silverline,DDR4,2133,16.00000
2770,MUSHKIN,Mushkin Enhanced Silverline,DDR4,2133,32.00000
2771,MUSHKIN,Mushkin Enhanced Silverline Frostbyte,DDR3,1333,16.00000
2772,MUSHKIN,Mushkin Enhanced Silverline Stiletto,DDR,400,1.00000
2773,MUSHKIN,Mushkin Enhanced Silverline Stiletto,DDR,400,2.00000
2774,MUSHKIN,Mushkin Enhanced Silverline Stiletto,DDR2,667,2.00000
2776,MUSHKIN,Mushkin Enhanced Silverline Stiletto,DDR2,667,4.00000
2778,MUSHKIN,Mushkin Enhanced Silverline Stiletto,DDR2,667,8.00000
2775,MUSHKIN,Mushkin Enhanced Silverline Stiletto,DDR2,800,2.00000
2777,MUSHKIN,Mushkin Enhanced Silverline Stiletto,DDR2,800,4.00000
2779,MUSHKIN,Mushkin Enhanced Silverline Stiletto,DDR2,800,8.00000
2780,MUSHKIN,Mushkin Enhanced Silverline Stiletto,DDR3,1333,4.00000
2781,MUSHKIN,Mushkin Enhanced Silverline Stiletto,DDR3,1333,8.00000
2782,MUSHKIN,Mushkin Enhanced Silverline Stiletto,DDR3,1600,8.00000
2783,MUSHKIN,Mushkin Enhanced Stealth Stiletto,DDR3,1600,4.00000
2784,MUSHKIN,Mushkin Enhanced Stealth Stiletto,DDR3,1600,8.00000
2785,MUSHKIN,Mushkin Enhanced Stealth Stiletto,DDR3L,1600,4.00000
2786,MUSHKIN,Mushkin Enhanced Stealth Stiletto,DDR3L,1600,8.00000
2787,MUSHKIN,Mushkin Essentials,DDR,266,1.00000
2790,MUSHKIN,Mushkin Essentials,DDR,266,2.00000
2788,MUSHKIN,Mushkin Essentials,DDR,333,1.00000
2789,MUSHKIN,Mushkin Essentials,DDR,400,1.00000
2791,MUSHKIN,Mushkin Essentials,DDR,400,2.00000
2792,MUSHKIN,Mushkin Essentials,DDR2,533,1.00000
2793,MUSHKIN,Mushkin Essentials,DDR2,667,1.00000
2795,MUSHKIN,Mushkin Essentials,DDR2,667,2.00000
2797,MUSHKIN,Mushkin Essentials,DDR2,667,4.00000
2799,MUSHKIN,Mushkin Essentials,DDR2,667,8.00000
2794,MUSHKIN,Mushkin Essentials,DDR2,800,1.00000
2796,MUSHKIN,Mushkin Essentials,DDR2,800,2.00000
2798,MUSHKIN,Mushkin Essentials,DDR2,800,4.00000
2800,MUSHKIN,Mushkin Essentials,DDR2,800,8.00000
2801,MUSHKIN,Mushkin Essentials,DDR3,1066,2.00000
2804,MUSHKIN,Mushkin Essentials,DDR3,1066,4.00000
2808,MUSHKIN,Mushkin Essentials,DDR3,1066,8.00000
2813,MUSHKIN,Mushkin Essentials,DDR3,1066,16.00000
2802,MUSHKIN,Mushkin Essentials,DDR3,1333,2.00000
2805,MUSHKIN,Mushkin Essentials,DDR3,1333,4.00000
2809,MUSHKIN,Mushkin Essentials,DDR3,1333,8.00000
2812,MUSHKIN,Mushkin Essentials,DDR3,1333,12.00000
2814,MUSHKIN,Mushkin Essentials,DDR3,1333,16.00000
2817,MUSHKIN,Mushkin Essentials,DDR3,1333,24.00000
2818,MUSHKIN,Mushkin Essentials,DDR3,1333,32.00000
2803,MUSHKIN,Mushkin Essentials,DDR3,1600,2.00000
2806,MUSHKIN,Mushkin Essentials,DDR3,1600,4.00000
2810,MUSHKIN,Mushkin Essentials,DDR3,1600,8.00000
2815,MUSHKIN,Mushkin Essentials,DDR3,1600,16.00000
2819,MUSHKIN,Mushkin Essentials,DDR3,1600,32.00000
2807,MUSHKIN,Mushkin Essentials,DDR3,1866,4.00000
2811,MUSHKIN,Mushkin Essentials,DDR3,1866,8.00000
2816,MUSHKIN,Mushkin Essentials,DDR3,1866,16.00000
2820,MUSHKIN,Mushkin Essentials,DDR3,1866,32.00000
2821,MUSHKIN,Mushkin Essentials,DDR3L,1600,2.00000
2822,MUSHKIN,Mushkin Essentials,DDR3L,1600,4.00000
2823,MUSHKIN,Mushkin Essentials,DDR3L,1600,8.00000
2824,MUSHKIN,Mushkin Essentials,DDR3L,1600,16.00000
2826,MUSHKIN,Mushkin Essentials,DDR3L,1600,32.00000
2825,MUSHKIN,Mushkin Essentials,DDR3L,1866,16.00000
2827,MUSHKIN,Mushkin Essentials,DDR3L,1866,32.00000
2828,MUSHKIN,Mushkin Essentials,DDR4,2133,4.00000
2830,MUSHKIN,Mushkin Essentials,DDR4,2133,8.00000
2832,MUSHKIN,Mushkin Essentials,DDR4,2133,16.00000
2834,MUSHKIN,Mushkin Essentials,DDR4,2133,32.00000
2829,MUSHKIN,Mushkin Essentials,DDR4,2400,4.00000
2831,MUSHKIN,Mushkin Essentials,DDR4,2400,8.00000
2833,MUSHKIN,Mushkin Essentials,DDR4,2400,16.00000
2835,MUSHKIN,Mushkin Essentials,DDR4,2400,32.00000
2836,MUSHKIN,Mushkin Essentials,SDR,133,.25000
2837,MUSHKIN,Mushkin Iram,DDR3,1066,8.00000
2839,MUSHKIN,Mushkin Iram,DDR3,1066,16.00000
2842,MUSHKIN,Mushkin Iram,DDR3,1066,32.00000
2840,MUSHKIN,Mushkin Iram,DDR3,1333,16.00000
2843,MUSHKIN,Mushkin Iram,DDR3,1333,32.00000
2838,MUSHKIN,Mushkin Iram,DDR3,1600,8.00000
2841,MUSHKIN,Mushkin Iram,DDR3,1600,16.00000
2844,MUSHKIN,Mushkin Iram,DDR3,1600,32.00000
2845,MUSHKIN,Mushkin Iram,DDR3,1866,32.00000
2846,MUSHKIN,Mushkin Iram,DDR3L,1600,8.00000
2847,MUSHKIN,Mushkin Iram,DDR3L,1866,8.00000
2848,MUSHKIN,Mushkin Proline,DDR2,800,2.00000
2851,MUSHKIN,Mushkin Proline,DDR3,1066,8.00000
2856,MUSHKIN,Mushkin Proline,DDR3,1066,16.00000
2860,MUSHKIN,Mushkin Proline,DDR3,1066,32.00000
2849,MUSHKIN,Mushkin Proline,DDR3,1333,4.00000
2852,MUSHKIN,Mushkin Proline,DDR3,1333,8.00000
2855,MUSHKIN,Mushkin Proline,DDR3,1333,12.00000
2857,MUSHKIN,Mushkin Proline,DDR3,1333,16.00000
2861,MUSHKIN,Mushkin Proline,DDR3,1333,32.00000
2853,MUSHKIN,Mushkin Proline,DDR3,1600,8.00000
2858,MUSHKIN,Mushkin Proline,DDR3,1600,16.00000
2850,MUSHKIN,Mushkin Proline,DDR3,1866,4.00000
2854,MUSHKIN,Mushkin Proline,DDR3,1866,8.00000
2859,MUSHKIN,Mushkin Proline,DDR3,1866,16.00000
2862,MUSHKIN,Mushkin Proline,DDR3,1866,32.00000
2863,MUSHKIN,Mushkin Proline,DDR3,1866,64.00000
2865,MUSHKIN,Mushkin Proline,DDR4,1600,32.00000
2864,MUSHKIN,Mushkin Proline,DDR4,2133,16.00000
2866,MUSHKIN,Mushkin Radioactive,DDR3,1600,4.00000
2867,MUSHKIN,Mushkin Radioactive,DDR3,1600,6.00000
2868,MUSHKIN,Mushkin Radioactive,DDR3,1600,8.00000
2869,MUSHKIN,Mushkin Radioactive,DDR3,1600,12.00000
2870,MUSHKIN,Mushkin Radioactive Frostbyte,DDR3,1600,8.00000
2871,MUSHKIN,Mushkin Radioactive Frostbyte,DDR3,2400,16.00000
2872,MUSHKIN,Mushkin Redline,DDR3,1600,4.00000
2873,MUSHKIN,Mushkin Redline,DDR3,1600,6.00000
2874,MUSHKIN,Mushkin Redline,DDR3,1600,8.00000
2878,MUSHKIN,Mushkin Redline,DDR3,1600,12.00000
2880,MUSHKIN,Mushkin Redline,DDR3,1600,16.00000
2884,MUSHKIN,Mushkin Redline,DDR3,1600,32.00000
2875,MUSHKIN,Mushkin Redline,DDR3,1866,8.00000
2879,MUSHKIN,Mushkin Redline,DDR3,1866,12.00000
2881,MUSHKIN,Mushkin Redline,DDR3,1866,16.00000
2885,MUSHKIN,Mushkin Redline,DDR3,1866,32.00000
2876,MUSHKIN,Mushkin Redline,DDR3,2133,8.00000
2882,MUSHKIN,Mushkin Redline,DDR3,2133,16.00000
2886,MUSHKIN,Mushkin Redline,DDR3,2133,32.00000
2877,MUSHKIN,Mushkin Redline,DDR3,2400,8.00000
2883,MUSHKIN,Mushkin Redline,DDR3,2400,16.00000
2887,MUSHKIN,Mushkin Redline,DDR3,2400,32.00000
2892,MUSHKIN,Mushkin Redline,DDR4,2400,8.00000
2897,MUSHKIN,Mushkin Redline,DDR4,2400,16.00000
2888,MUSHKIN,Mushkin Redline,DDR4,2666,4.00000
2893,MUSHKIN,Mushkin Redline,DDR4,2666,8.00000
2898,MUSHKIN,Mushkin Redline,DDR4,2666,16.00000
2902,MUSHKIN,Mushkin Redline,DDR4,2666,32.00000
2889,MUSHKIN,Mushkin Redline,DDR4,2800,4.00000
2894,MUSHKIN,Mushkin Redline,DDR4,2800,8.00000
2899,MUSHKIN,Mushkin Redline,DDR4,2800,16.00000
2903,MUSHKIN,Mushkin Redline,DDR4,2800,32.00000
2890,MUSHKIN,Mushkin Redline,DDR4,3000,4.00000
2895,MUSHKIN,Mushkin Redline,DDR4,3000,8.00000
2900,MUSHKIN,Mushkin Redline,DDR4,3000,16.00000
2904,MUSHKIN,Mushkin Redline,DDR4,3000,32.00000
2905,MUSHKIN,Mushkin Redline,DDR4,3000,64.00000
2891,MUSHKIN,Mushkin Redline,DDR4,3200,4.00000
2896,MUSHKIN,Mushkin Redline,DDR4,3200,8.00000
2901,MUSHKIN,Mushkin Redline,DDR4,3200,16.00000
2906,MUSHKIN,Mushkin Redline Frostbyte,DDR3,1866,8.00000
2907,MUSHKIN,Mushkin Redline Frostbyte G2,DDR4,2666,32.00000
2908,MUSHKIN,Mushkin Redline Frostbyte G3,DDR4,2666,16.00000
2911,MUSHKIN,Mushkin Redline Frostbyte G3,DDR4,2666,32.00000
2912,MUSHKIN,Mushkin Redline Frostbyte G3,DDR4,2800,32.00000
2909,MUSHKIN,Mushkin Redline Frostbyte G3,DDR4,3000,16.00000
2913,MUSHKIN,Mushkin Redline Frostbyte G3,DDR4,3000,32.00000
2910,MUSHKIN,Mushkin Redline Frostbyte G3,DDR4,3200,16.00000
2915,MUSHKIN,Mushkin Redline Ridgeback G2,DDR4,2666,16.00000
2917,MUSHKIN,Mushkin Redline Ridgeback G2,DDR4,2800,32.00000
2914,MUSHKIN,Mushkin Redline Ridgeback G2,DDR4,3000,8.00000
2918,MUSHKIN,Mushkin Redline Ridgeback G2,DDR4,3000,32.00000
2916,MUSHKIN,Mushkin Redline Ridgeback G2,DDR4,3200,16.00000
2919,MUSHKIN,Mushkin Ridgeback,DDR3,1600,4.00000
2920,MUSHKIN,Mushkin Ridgeback,DDR3,1600,6.00000
2921,MUSHKIN,Mushkin Ridgeback,DDR3,1600,8.00000
2922,MUSHKIN,Mushkin Ridgeback,DDR3,1600,12.00000
2923,MUSHKIN,Mushkin Ridgeback,DDR3,2000,12.00000
2926,MUSHKIN,Mushkin Silverline,DDR2,667,8.00000
2924,MUSHKIN,Mushkin Silverline,DDR2,800,2.00000
2925,MUSHKIN,Mushkin Silverline,DDR2,800,4.00000
2927,MUSHKIN,Mushkin Silverline,DDR2,800,8.00000
2928,MUSHKIN,Mushkin Silverline,DDR3,1333,2.00000
2929,MUSHKIN,Mushkin Silverline,DDR3,1333,4.00000
2931,MUSHKIN,Mushkin Silverline,DDR3,1333,6.00000
2933,MUSHKIN,Mushkin Silverline,DDR3,1333,8.00000
2935,MUSHKIN,Mushkin Silverline,DDR3,1333,12.00000
2937,MUSHKIN,Mushkin Silverline,DDR3,1333,16.00000
2939,MUSHKIN,Mushkin Silverline,DDR3,1333,24.00000
2940,MUSHKIN,Mushkin Silverline,DDR3,1333,32.00000
2930,MUSHKIN,Mushkin Silverline,DDR3,1600,4.00000
2932,MUSHKIN,Mushkin Silverline,DDR3,1600,6.00000
2934,MUSHKIN,Mushkin Silverline,DDR3,1600,8.00000
2936,MUSHKIN,Mushkin Silverline,DDR3,1600,12.00000
2938,MUSHKIN,Mushkin Silverline,DDR3,1600,16.00000
2941,MUSHKIN,Mushkin Silverline,DDR3,1600,32.00000
2942,MUSHKIN,Mushkin Silverline,DDR4,2133,16.00000
2943,MUSHKIN,Mushkin Silverline,DDR4,2133,32.00000
2944,MUSHKIN,Mushkin Silverline,DDR4,2133,64.00000
2945,MUSHKIN,Mushkin Silverline Stiletto,DDR2,667,2.00000
2947,MUSHKIN,Mushkin Silverline Stiletto,DDR2,667,4.00000
2949,MUSHKIN,Mushkin Silverline Stiletto,DDR2,667,8.00000
2946,MUSHKIN,Mushkin Silverline Stiletto,DDR2,800,2.00000
2948,MUSHKIN,Mushkin Silverline Stiletto,DDR2,800,4.00000
2950,MUSHKIN,Mushkin Silverline Stiletto,DDR2,800,8.00000
2951,MUSHKIN,Mushkin Silverline Stiletto,DDR3,1333,16.00000
2952,MUSHKIN,Mushkin Sp,DDR2,667,1.00000
2953,MUSHKIN,Mushkin Sp,DDR2,800,1.00000
2954,MUSHKIN,Mushkin Sp,DDR2,800,2.00000
2955,MUSHKIN,Mushkin Sp,DDR2,800,4.00000
2956,MUSHKIN,Mushkin Sp,DDR3,1066,4.00000
2957,MUSHKIN,Mushkin Sp,DDR3,1333,6.00000
2958,MUSHKIN,Mushkin Stealth,DDR3,1600,4.00000
2959,MUSHKIN,Mushkin Stealth,DDR3,1600,8.00000
2963,MUSHKIN,Mushkin Stealth,DDR3,1600,12.00000
2964,MUSHKIN,Mushkin Stealth,DDR3,1600,16.00000
2968,MUSHKIN,Mushkin Stealth,DDR3,1600,32.00000
2960,MUSHKIN,Mushkin Stealth,DDR3,2133,8.00000
2965,MUSHKIN,Mushkin Stealth,DDR3,2133,16.00000
2961,MUSHKIN,Mushkin Stealth,DDR3,2666,8.00000
2966,MUSHKIN,Mushkin Stealth,DDR3,2666,16.00000
2962,MUSHKIN,Mushkin Stealth,DDR3,2800,8.00000
2967,MUSHKIN,Mushkin Stealth,DDR3,2800,16.00000
2969,MUSHKIN,Mushkin Stealth Stiletto,DDR3,1600,4.00000
2971,MUSHKIN,Mushkin Stealth Stiletto,DDR3,1600,8.00000
2973,MUSHKIN,Mushkin Stealth Stiletto,DDR3,1600,16.00000
2970,MUSHKIN,Mushkin Stealth Stiletto,DDR3,2133,4.00000
2972,MUSHKIN,Mushkin Stealth Stiletto,DDR3,2133,8.00000
2974,MUSTANG,Mustang,DDR,400,.50000
2975,MUSTANG,Mustang,DDR,400,1.00000
2976,MUSTANG,Mustang Black Line,DDR,333,1.00000
2977,MUSTANG,Mustang Black Line,DDR2,667,.50000
2978,MUSTANG,Mustang Black Line,DDR2,667,1.00000
2979,MUSTANG,Mustang Black Line,DDR2,800,1.00000
2980,MUSTANG,Mustang Black Line,DDR2,800,4.00000
2981,MUSTANG,Mustang Premium Line,DDR,333,1.00000
2982,MUSTANG,Mustang Premium Line,DDR2,800,2.00000
2983,MUSTANG,Mustang Premiumline,DDR,400,1.00000
2985,MUSTANG,Mustang Premiumline,DDR3,1333,8.00000
2984,MUSTANG,Mustang Premiumline,DDR3,1600,4.00000
2986,MUSTANG,Mustang Premiumline,DDR3,1600,8.00000
2988,NILOX,Nilox,DDR2,533,2.00000
2987,NILOX,Nilox,DDR2,667,1.00000
2989,NILOX,Nilox,DDR3,1333,2.00000
2990,NILOX,Nilox,DDR3,1600,2.00000
2991,NILOX,Nilox,DDR3,1600,4.00000
2992,NILOX,Nilox,DDR3,1600,8.00000
2993,NILOX,Nilox,DDR4,2133,4.00000
2995,NILOX,Nilox,DDR4,2133,8.00000
2994,NILOX,Nilox,DDR4,2400,4.00000
2996,OCZ,Ocz,DDR2,667,2.00000
2997,OCZ,Ocz,DDR2,800,4.00000
2998,OCZ,Ocz,DDR3,1600,6.00000
2999,OCZ,Ocz Amd Black Edition,DDR3,1600,4.00000
3000,OCZ,Ocz Blade,DDR3,2000,6.00000
3001,OCZ,Ocz Blade St Low-Voltage,DDR3,2000,4.00000
3002,OCZ,Ocz Blade Supertuned,DDR3,1600,4.00000
3003,OCZ,Ocz Fatal1ty,DDR3,1600,4.00000
3004,OCZ,Ocz Fatal1ty,DDR3,1600,6.00000
3005,OCZ,Ocz Fatal1ty Edition,DDR2,800,4.00000
3006,OCZ,Ocz Flex Ex,DDR3,2133,12.00000
3008,OCZ,Ocz Flex Ii,DDR3,1333,8.00000
3007,OCZ,Ocz Flex Ii,DDR3,1600,4.00000
3009,OCZ,Ocz Gold,DDR2,800,2.00000
3010,OCZ,Ocz Gold,DDR3,1066,1.00000
3011,OCZ,Ocz Gold,DDR3,1066,4.00000
3012,OCZ,Ocz Gold,DDR3,1333,4.00000
3017,OCZ,Ocz Gold,DDR3,1333,8.00000
3019,OCZ,Ocz Gold,DDR3,1333,24.00000
3013,OCZ,Ocz Gold,DDR3,1600,4.00000
3015,OCZ,Ocz Gold,DDR3,1600,6.00000
3018,OCZ,Ocz Gold,DDR3,1600,12.00000
3014,OCZ,Ocz Gold,DDR3,2000,4.00000
3016,OCZ,Ocz Gold,DDR3,2000,6.00000
3020,OCZ,Ocz Gold Edition,DDR3,1066,4.00000
3021,OCZ,Ocz Gold Gx Xtc,DDR2,800,1.00000
3022,OCZ,Ocz Gold Low-Voltage Intel Edition,DDR3,1333,12.00000
3023,OCZ,Ocz Gold Xte,DDR3,2000,4.00000
3024,OCZ,Ocz Gold Xte,DDR3,2000,6.00000
3025,OCZ,Ocz Mac,DDR3,1066,4.00000
3026,OCZ,Ocz Obsidian,DDR3,1600,4.00000
3027,OCZ,Ocz Obsidian,DDR3,1600,6.00000
3028,OCZ,Ocz Obsidian Xtc,DDR3,1600,4.00000
3029,OCZ,Ocz Platinum,DDR2,1066,4.00000
3031,OCZ,Ocz Platinum,DDR3,1333,2.00000
3033,OCZ,Ocz Platinum,DDR3,1333,4.00000
3037,OCZ,Ocz Platinum,DDR3,1333,6.00000
3039,OCZ,Ocz Platinum,DDR3,1333,24.00000
3032,OCZ,Ocz Platinum,DDR3,1600,2.00000
3034,OCZ,Ocz Platinum,DDR3,1600,4.00000
3038,OCZ,Ocz Platinum,DDR3,1600,6.00000
3030,OCZ,Ocz Platinum,DDR3,1800,1.00000
3035,OCZ,Ocz Platinum,DDR3,2000,4.00000
3036,OCZ,Ocz Platinum,DDR3,2133,4.00000
3040,OCZ,Ocz Platinum Revision 2,DDR2,800,2.00000
3041,OCZ,Ocz Platinum Xte,DDR3,1600,4.00000
3044,OCZ,Ocz Platinum Xte,DDR3,1600,6.00000
3042,OCZ,Ocz Platinum Xte,DDR3,2000,4.00000
3043,OCZ,Ocz Platinum Xte,DDR3,2133,4.00000
3046,OCZ,Ocz Reaper,DDR3,1600,6.00000
3045,OCZ,Ocz Reaper,DDR3,2000,4.00000
3047,OCZ,Ocz Reaper Edition,DDR3,1333,8.00000
3048,OCZ,Ocz Reaper Edition,DDR3,1333,12.00000
3049,OCZ,Ocz Reaper Hpc,DDR2,1066,4.00000
3052,OCZ,Ocz Reaper Hpc,DDR3,1333,16.00000
3053,OCZ,Ocz Reaper Hpc,DDR3,1333,24.00000
3050,OCZ,Ocz Reaper Hpc,DDR3,1600,4.00000
3051,OCZ,Ocz Reaper Hpc,DDR3,2133,4.00000
3054,OCZ,Ocz Reaper Hpc R2,DDR3,1600,6.00000
3055,OCZ,Ocz Reaper Hpc R2,DDR3,1600,12.00000
3057,OCZ,Ocz Reaper X,DDR3,1333,8.00000
3056,OCZ,Ocz Reaper X,DDR3,1600,4.00000
3058,OCZ,Ocz Signature,DDR3,1333,4.00000
3059,OCZ,Ocz Signature,DDR3,1600,4.00000
3060,OCZ,Ocz Special Ops Edition,DDR3,1600,4.00000
3061,OCZ,Ocz Titanium Xtc,DDR2,800,4.00000
3063,OCZ,Ocz Value,DDR2,533,2.00000
3062,OCZ,Ocz Value,DDR2,667,1.00000
3064,OCZ,Ocz Value Pro,DDR2,533,1.00000
3065,PANRAM,Panram,DDR3,1333,4.00000
3067,PANRAM,Panram,DDR3,1333,8.00000
3066,PANRAM,Panram,DDR3,1600,4.00000
3068,PANRAM,Panram,DDR3,1600,8.00000
3069,PANRAM,Panram,DDR3,1600,16.00000
3070,PANRAM,Panram Falcon,DDR3,1600,4.00000
3071,PANRAM,Panram Falcon,DDR3,1600,8.00000
3073,PANRAM,Panram Falcon,DDR3,1600,16.00000
3072,PANRAM,Panram Falcon,DDR3,1866,8.00000
3074,PANRAM,Panram Falcon,DDR3,1866,16.00000
3075,PANRAM,Panram Falcon,DDR3,2133,16.00000
3076,PANRAM,Panram Hercules,DDR3,1600,8.00000
3077,PANRAM,Panram Hercules,DDR3,1866,8.00000
3079,PANRAM,Panram Hercules,DDR3,1866,16.00000
3078,PANRAM,Panram Hercules,DDR3,2133,8.00000
3080,PANRAM,Panram Light Sword Red Led,DDR3,2400,16.00000
3081,PANRAM,Panram Memory,DDR3,1333,2.00000
3082,PANRAM,Panram Memory,DDR3,1333,4.00000
3083,PANRAM,Panram Memory,DDR3,1333,8.00000
3084,PANRAM,Panram Ninja,DDR3,1600,4.00000
3085,PANRAM,Panram Ninja,DDR3,1600,8.00000
3087,PANRAM,Panram Ninja,DDR3,1600,16.00000
3086,PANRAM,Panram Ninja,DDR3,1866,8.00000
3088,PANRAM,Panram Ninja,DDR3,1866,16.00000
3090,PANRAM,Panram Ninja-V,DDR4,2133,8.00000
3097,PANRAM,Panram Ninja-V,DDR4,2133,16.00000
3104,PANRAM,Panram Ninja-V,DDR4,2133,32.00000
3089,PANRAM,Panram Ninja-V,DDR4,2400,4.00000
3091,PANRAM,Panram Ninja-V,DDR4,2400,8.00000
3098,PANRAM,Panram Ninja-V,DDR4,2400,16.00000
3105,PANRAM,Panram Ninja-V,DDR4,2400,32.00000
3092,PANRAM,Panram Ninja-V,DDR4,2666,8.00000
3099,PANRAM,Panram Ninja-V,DDR4,2666,16.00000
3093,PANRAM,Panram Ninja-V,DDR4,3000,8.00000
3100,PANRAM,Panram Ninja-V,DDR4,3000,16.00000
3101,PANRAM,Panram Ninja-V,DDR4,3200,16.00000
3094,PANRAM,Panram Ninja-V,DDR4,3466,8.00000
3102,PANRAM,Panram Ninja-V,DDR4,3466,16.00000
3095,PANRAM,Panram Ninja-V,DDR4,3600,8.00000
3103,PANRAM,Panram Ninja-V,DDR4,3600,16.00000
3096,PANRAM,Panram Ninja-V,DDR4,3866,8.00000
3106,PANRAM,Panram Ninja-V White,DDR4,2400,8.00000
3107,PANRAM,Panram Performance Blue,DDR3,1600,8.00000
3108,PANRAM,Panram Performance Blue,DDR3,1866,8.00000
3109,PANRAM,Panram Performance Blue,DDR3,1866,16.00000
3110,PANRAM,Panram Performance Blue,DDR3,2133,16.00000
3111,PANRAM,Panram Value,DDR3,1600,4.00000
3112,PANRAM,Panram Value,DDR4,3000,8.00000
3113,PAREEMA,Pareema,DDR3,1333,2.00000
3114,PAREEMA,Pareema,DDR3,1333,4.00000
3116,PAREEMA,Pareema,DDR3,1333,8.00000
3118,PAREEMA,Pareema,DDR3,1333,16.00000
3115,PAREEMA,Pareema,DDR3,1600,4.00000
3117,PAREEMA,Pareema,DDR3,1600,8.00000
3119,PAREEMA,Pareema,DDR3,1600,16.00000
3121,PATRIOT,Patriot,DDR2,667,2.00000
3123,PATRIOT,Patriot,DDR2,667,4.00000
3120,PATRIOT,Patriot,DDR2,800,1.00000
3122,PATRIOT,Patriot,DDR2,800,2.00000
3125,PATRIOT,Patriot,DDR3,1066,4.00000
3124,PATRIOT,Patriot,DDR3,1333,2.00000
3126,PATRIOT,Patriot,DDR3,1333,4.00000
3128,PATRIOT,Patriot,DDR3,1333,8.00000
3131,PATRIOT,Patriot,DDR3,1333,16.00000
3127,PATRIOT,Patriot,DDR3,1600,4.00000
3129,PATRIOT,Patriot,DDR3,1600,8.00000
3130,PATRIOT,Patriot,DDR3,1866,8.00000
3132,PATRIOT,Patriot,DDR3,2400,16.00000
3133,PATRIOT,Patriot,DDR4,2133,4.00000
3134,PATRIOT,Patriot,DDR4,2133,8.00000
3136,PATRIOT,Patriot,DDR4,2133,16.00000
3135,PATRIOT,Patriot,DDR4,2400,8.00000
3137,PATRIOT,Patriot,DDR4,2666,16.00000
3139,PATRIOT,Patriot,DDR4,2666,32.00000
3138,PATRIOT,Patriot,DDR4,2800,16.00000
3140,PATRIOT,Patriot,DDR4,2800,32.00000
3141,PATRIOT,Patriot Extreme Performance,DDR2,800,2.00000
3142,PATRIOT,Patriot Extreme Performance,DDR2,800,4.00000
3144,PATRIOT,Patriot Extreme Performance,DDR3,1333,6.00000
3146,PATRIOT,Patriot Extreme Performance,DDR3,1600,16.00000
3143,PATRIOT,Patriot Extreme Performance,DDR3,1866,4.00000
3145,PATRIOT,Patriot Extreme Performance,DDR3,1866,8.00000
3148,PATRIOT,Patriot Extreme Performance,DDR4,2133,16.00000
3150,PATRIOT,Patriot Extreme Performance,DDR4,2133,32.00000
3147,PATRIOT,Patriot Extreme Performance,DDR4,2400,8.00000
3149,PATRIOT,Patriot Extreme Performance,DDR4,2400,16.00000
3151,PATRIOT,Patriot Extreme Performance,DDR4,2666,32.00000
3153,PATRIOT,Patriot G,DDR3,1333,8.00000
3154,PATRIOT,Patriot G,DDR3,1600,8.00000
3152,PATRIOT,Patriot G,DDR3,2000,4.00000
3156,PATRIOT,Patriot G2,DDR3,1333,16.00000
3158,PATRIOT,Patriot G2,DDR3,1333,32.00000
3155,PATRIOT,Patriot G2,DDR3,1600,8.00000
3157,PATRIOT,Patriot G2,DDR3,1600,16.00000
3159,PATRIOT,Patriot Gamer,DDR3,1600,4.00000
3160,PATRIOT,Patriot Gamer,DDR3,1600,6.00000
3161,PATRIOT,Patriot Gamer,DDR3,1600,12.00000
3162,PATRIOT,Patriot Gamer,DDR3,1600,24.00000
3163,PATRIOT,Patriot Gamer 2,DDR3,1333,4.00000
3165,PATRIOT,Patriot Gamer 2,DDR3,1333,8.00000
3167,PATRIOT,Patriot Gamer 2,DDR3,1333,16.00000
3169,PATRIOT,Patriot Gamer 2,DDR3,1333,32.00000
3164,PATRIOT,Patriot Gamer 2,DDR3,1600,4.00000
3166,PATRIOT,Patriot Gamer 2,DDR3,1600,8.00000
3170,PATRIOT,Patriot Gamer 2,DDR3,1600,32.00000
3168,PATRIOT,Patriot Gamer 2,DDR3,1866,16.00000
3171,PATRIOT,"Patriot Intel Extreme Master, Limited Ed",DDR3,1600,8.00000
3174,PATRIOT,"Patriot Intel Extreme Master, Limited Ed",DDR3,1600,16.00000
3177,PATRIOT,"Patriot Intel Extreme Master, Limited Ed",DDR3,1600,32.00000
3172,PATRIOT,"Patriot Intel Extreme Master, Limited Ed",DDR3,1866,8.00000
3175,PATRIOT,"Patriot Intel Extreme Master, Limited Ed",DDR3,1866,16.00000
3178,PATRIOT,"Patriot Intel Extreme Master, Limited Ed",DDR3,1866,32.00000
3173,PATRIOT,"Patriot Intel Extreme Master, Limited Ed",DDR3,2133,8.00000
3176,PATRIOT,"Patriot Intel Extreme Master, Limited Ed",DDR3,2133,16.00000
3179,PATRIOT,Patriot Mac,DDR3,1333,8.00000
3180,PATRIOT,Patriot Mac,DDR3,1333,16.00000
3181,PATRIOT,Patriot Sector 5,DDR3,1333,4.00000
3182,PATRIOT,Patriot Sector 5,DDR3,1600,4.00000
3183,PATRIOT,Patriot Signature,DDR2,667,1.00000
3184,PATRIOT,Patriot Signature,DDR2,800,1.00000
3185,PATRIOT,Patriot Signature,DDR2,800,2.00000
3186,PATRIOT,Patriot Signature,DDR2,800,4.00000
3187,PATRIOT,Patriot Signature,DDR2,800,8.00000
3191,PATRIOT,Patriot Signature,DDR3,1066,4.00000
3188,PATRIOT,Patriot Signature,DDR3,1333,1.00000
3189,PATRIOT,Patriot Signature,DDR3,1333,2.00000
3192,PATRIOT,Patriot Signature,DDR3,1333,4.00000
3194,PATRIOT,Patriot Signature,DDR3,1333,8.00000
3196,PATRIOT,Patriot Signature,DDR3,1333,16.00000
3190,PATRIOT,Patriot Signature,DDR3,1600,2.00000
3193,PATRIOT,Patriot Signature,DDR3,1600,4.00000
3195,PATRIOT,Patriot Signature,DDR3,1600,8.00000
3197,PATRIOT,Patriot Signature,DDR3,1600,16.00000
3198,PATRIOT,Patriot Signature,DDR4,2133,4.00000
3200,PATRIOT,Patriot Signature,DDR4,2133,8.00000
3202,PATRIOT,Patriot Signature,DDR4,2133,16.00000
3204,PATRIOT,Patriot Signature,DDR4,2133,32.00000
3199,PATRIOT,Patriot Signature,DDR4,2400,4.00000
3201,PATRIOT,Patriot Signature,DDR4,2400,8.00000
3203,PATRIOT,Patriot Signature,DDR4,2400,16.00000
3205,PATRIOT,Patriot Viper,DDR2,800,4.00000
3206,PATRIOT,Patriot Viper,DDR2,1066,4.00000
3207,PATRIOT,Patriot Viper,DDR3,1333,4.00000
3213,PATRIOT,Patriot Viper,DDR3,1333,6.00000
3220,PATRIOT,Patriot Viper,DDR3,1333,12.00000
3225,PATRIOT,Patriot Viper,DDR3,1333,24.00000
3208,PATRIOT,Patriot Viper,DDR3,1600,4.00000
3214,PATRIOT,Patriot Viper,DDR3,1600,6.00000
3216,PATRIOT,Patriot Viper,DDR3,1600,8.00000
3221,PATRIOT,Patriot Viper,DDR3,1600,12.00000
3223,PATRIOT,Patriot Viper,DDR3,1600,16.00000
3226,PATRIOT,Patriot Viper,DDR3,1600,24.00000
3209,PATRIOT,Patriot Viper,DDR3,1866,4.00000
3217,PATRIOT,Patriot Viper,DDR3,1866,8.00000
3224,PATRIOT,Patriot Viper,DDR3,1866,16.00000
3215,PATRIOT,Patriot Viper,DDR3,2000,6.00000
3218,PATRIOT,Patriot Viper,DDR3,2000,8.00000
3222,PATRIOT,Patriot Viper,DDR3,2000,12.00000
3210,PATRIOT,Patriot Viper,DDR3,2133,4.00000
3211,PATRIOT,Patriot Viper,DDR3,2400,4.00000
3219,PATRIOT,Patriot Viper,DDR3,2400,8.00000
3212,PATRIOT,Patriot Viper,DDR3,2500,4.00000
3229,PATRIOT,Patriot Viper,DDR4,2400,16.00000
3230,PATRIOT,Patriot Viper,DDR4,2666,16.00000
3227,PATRIOT,Patriot Viper,DDR4,3000,8.00000
3231,PATRIOT,Patriot Viper,DDR4,3000,16.00000
3232,PATRIOT,Patriot Viper,DDR4,3200,16.00000
3228,PATRIOT,Patriot Viper,DDR4,3600,8.00000
3233,PATRIOT,Patriot Viper 3,DDR3,1600,4.00000
3234,PATRIOT,Patriot Viper 3,DDR3,1600,8.00000
3238,PATRIOT,Patriot Viper 3,DDR3,1600,16.00000
3242,PATRIOT,Patriot Viper 3,DDR3,1600,32.00000
3235,PATRIOT,Patriot Viper 3,DDR3,1866,8.00000
3239,PATRIOT,Patriot Viper 3,DDR3,1866,16.00000
3243,PATRIOT,Patriot Viper 3,DDR3,1866,32.00000
3236,PATRIOT,Patriot Viper 3,DDR3,2133,8.00000
3240,PATRIOT,Patriot Viper 3,DDR3,2133,16.00000
3244,PATRIOT,Patriot Viper 3,DDR3,2133,32.00000
3237,PATRIOT,Patriot Viper 3,DDR3,2400,8.00000
3241,PATRIOT,Patriot Viper 3,DDR3,2400,16.00000
3245,PATRIOT,Patriot Viper 4,DDR4,2133,8.00000
3260,PATRIOT,Patriot Viper 4,DDR4,2133,32.00000
3246,PATRIOT,Patriot Viper 4,DDR4,2400,8.00000
3252,PATRIOT,Patriot Viper 4,DDR4,2400,16.00000
3261,PATRIOT,Patriot Viper 4,DDR4,2400,32.00000
3247,PATRIOT,Patriot Viper 4,DDR4,2666,8.00000
3253,PATRIOT,Patriot Viper 4,DDR4,2666,16.00000
3262,PATRIOT,Patriot Viper 4,DDR4,2666,32.00000
3248,PATRIOT,Patriot Viper 4,DDR4,2800,8.00000
3254,PATRIOT,Patriot Viper 4,DDR4,2800,16.00000
3263,PATRIOT,Patriot Viper 4,DDR4,2800,32.00000
3249,PATRIOT,Patriot Viper 4,DDR4,3000,8.00000
3255,PATRIOT,Patriot Viper 4,DDR4,3000,16.00000
3264,PATRIOT,Patriot Viper 4,DDR4,3000,32.00000
3250,PATRIOT,Patriot Viper 4,DDR4,3200,8.00000
3256,PATRIOT,Patriot Viper 4,DDR4,3200,16.00000
3265,PATRIOT,Patriot Viper 4,DDR4,3200,32.00000
3257,PATRIOT,Patriot Viper 4,DDR4,3400,16.00000
3251,PATRIOT,Patriot Viper 4,DDR4,3600,8.00000
3258,PATRIOT,Patriot Viper 4,DDR4,3600,16.00000
3259,PATRIOT,Patriot Viper 4,DDR4,3733,16.00000
3266,PATRIOT,Patriot Viper Elite,DDR4,2133,4.00000
3268,PATRIOT,Patriot Viper Elite,DDR4,2133,8.00000
3274,PATRIOT,Patriot Viper Elite,DDR4,2133,16.00000
3280,PATRIOT,Patriot Viper Elite,DDR4,2133,32.00000
3269,PATRIOT,Patriot Viper Elite,DDR4,2400,8.00000
3275,PATRIOT,Patriot Viper Elite,DDR4,2400,16.00000
3281,PATRIOT,Patriot Viper Elite,DDR4,2400,32.00000
3270,PATRIOT,Patriot Viper Elite,DDR4,2666,8.00000
3276,PATRIOT,Patriot Viper Elite,DDR4,2666,16.00000
3267,PATRIOT,Patriot Viper Elite,DDR4,2800,4.00000
3271,PATRIOT,Patriot Viper Elite,DDR4,2800,8.00000
3277,PATRIOT,Patriot Viper Elite,DDR4,2800,16.00000
3282,PATRIOT,Patriot Viper Elite,DDR4,2800,32.00000
3272,PATRIOT,Patriot Viper Elite,DDR4,3000,8.00000
3278,PATRIOT,Patriot Viper Elite,DDR4,3000,16.00000
3273,PATRIOT,Patriot Viper Elite,DDR4,3200,8.00000
3279,PATRIOT,Patriot Viper Elite,DDR4,3200,16.00000
3283,PATRIOT,Patriot Viper Xtreme,DDR3,1600,4.00000
3286,PATRIOT,Patriot Viper Xtreme,DDR3,1600,6.00000
3288,PATRIOT,Patriot Viper Xtreme,DDR3,1600,8.00000
3293,PATRIOT,Patriot Viper Xtreme,DDR3,1600,12.00000
3295,PATRIOT,Patriot Viper Xtreme,DDR3,1600,16.00000
3284,PATRIOT,Patriot Viper Xtreme,DDR3,1866,4.00000
3289,PATRIOT,Patriot Viper Xtreme,DDR3,1866,8.00000
3296,PATRIOT,Patriot Viper Xtreme,DDR3,1866,16.00000
3285,PATRIOT,Patriot Viper Xtreme,DDR3,2000,4.00000
3287,PATRIOT,Patriot Viper Xtreme,DDR3,2000,6.00000
3290,PATRIOT,Patriot Viper Xtreme,DDR3,2000,8.00000
3294,PATRIOT,Patriot Viper Xtreme,DDR3,2000,12.00000
3291,PATRIOT,Patriot Viper Xtreme,DDR3,2133,8.00000
3297,PATRIOT,Patriot Viper Xtreme,DDR3,2133,16.00000
3292,PATRIOT,Patriot Viper Xtreme,DDR3,2400,8.00000
3298,PNY,Pny,DDR2,800,1.00000
3299,PNY,Pny,DDR2,800,2.00000
3300,PNY,Pny,DDR3,1333,4.00000
3302,PNY,Pny,DDR3,1333,8.00000
3301,PNY,Pny,DDR3,1600,4.00000
3303,PNY,Pny,DDR3,1600,8.00000
3306,PNY,Pny,DDR3,1600,16.00000
3309,PNY,Pny,DDR3,1600,32.00000
3304,PNY,Pny,DDR3,1866,8.00000
3307,PNY,Pny,DDR3,1866,16.00000
3310,PNY,Pny,DDR3,1866,32.00000
3305,PNY,Pny,DDR3,2133,8.00000
3308,PNY,Pny,DDR3,2133,16.00000
3311,PNY,Pny,DDR4,2133,4.00000
3313,PNY,Pny,DDR4,2133,8.00000
3312,PNY,Pny,DDR4,2400,4.00000
3314,PNY,Pny,DDR4,2400,8.00000
3315,PNY,Pny Anarchy,DDR3,1600,4.00000
3317,PNY,Pny Anarchy,DDR3,1600,8.00000
3323,PNY,Pny Anarchy,DDR3,1600,16.00000
3316,PNY,Pny Anarchy,DDR3,1866,4.00000
3318,PNY,Pny Anarchy,DDR3,1866,8.00000
3324,PNY,Pny Anarchy,DDR3,1866,16.00000
3319,PNY,Pny Anarchy,DDR3,2133,8.00000
3325,PNY,Pny Anarchy,DDR3,2133,16.00000
3327,PNY,Pny Anarchy,DDR3,2133,32.00000
3320,PNY,Pny Anarchy,DDR3,2400,8.00000
3326,PNY,Pny Anarchy,DDR3,2400,16.00000
3321,PNY,Pny Anarchy,DDR3,2800,8.00000
3322,PNY,Pny Anarchy,DDR3,2933,8.00000
3328,PNY,Pny Anarchy,DDR4,2133,4.00000
3330,PNY,Pny Anarchy,DDR4,2133,8.00000
3332,PNY,Pny Anarchy,DDR4,2133,16.00000
3329,PNY,Pny Anarchy,DDR4,2400,4.00000
3331,PNY,Pny Anarchy,DDR4,2400,8.00000
3333,PNY,Pny Anarchy,DDR4,2400,16.00000
3334,PNY,Pny Anarchy X,DDR3,2400,8.00000
3337,PNY,Pny Anarchy X,DDR3,2400,16.00000
3341,PNY,Pny Anarchy X,DDR3,2400,32.00000
3338,PNY,Pny Anarchy X,DDR3,2666,16.00000
3335,PNY,Pny Anarchy X,DDR3,2800,8.00000
3339,PNY,Pny Anarchy X,DDR3,2800,16.00000
3336,PNY,Pny Anarchy X,DDR3,2933,8.00000
3340,PNY,Pny Anarchy X,DDR3,2933,16.00000
3342,PNY,Pny Anarchy X,DDR4,2666,16.00000
3343,PNY,Pny Anarchy X,DDR4,2800,16.00000
3344,PNY,Pny Anarchy X,DDR4,3200,16.00000
3345,PNY,Pny Nhs,DDR3,1600,4.00000
3346,PNY,Pny Nhs,DDR3,1600,8.00000
3347,PNY,Pny Nhs,DDR3,1600,16.00000
3348,PNY,Pny Optima,DDR3,1066,4.00000
3350,PNY,Pny Optima,DDR3,1066,8.00000
3349,PNY,Pny Optima,DDR3,1333,4.00000
3351,PNY,Pny Optima,DDR3,1333,8.00000
3352,PNY,Pny Optima,DDR3,1600,8.00000
3353,PNY,Pny Performance,DDR2,800,2.00000
3354,PNY,Pny Performance,DDR3,1333,4.00000
3357,PNY,Pny Performance,DDR3,1333,16.00000
3355,PNY,Pny Performance,DDR3,1600,4.00000
3356,PNY,Pny Performance,DDR3,1600,8.00000
3358,PNY,Pny Performance,DDR3,1600,16.00000
3359,PNY,Pny Premium,DDR2,800,2.00000
3360,PNY,Pny Premium,DDR3,1333,2.00000
3361,PNY,Pny Premium,DDR3,1333,4.00000
3363,PNY,Pny Premium,DDR3,1333,8.00000
3362,PNY,Pny Premium,DDR3,1600,4.00000
3364,PNY,Pny Premium,DDR3,1600,8.00000
3365,PNY,Pny Xlr8,DDR2,1066,4.00000
3366,PNY,Pny Xlr8,DDR3,1600,4.00000
3367,PNY,Pny Xlr8,DDR3,1600,6.00000
3368,PNY,Pny Xlr8,DDR3,1600,8.00000
3369,PNY,Pny Xlr8,DDR3,1600,16.00000
3370,PNY,Pny Xlr8,DDR3,2133,16.00000
3371,SAMSUNG,Samsung,DDR2,667,1.00000
3373,SAMSUNG,Samsung,DDR2,667,2.00000
3375,SAMSUNG,Samsung,DDR2,667,4.00000
3377,SAMSUNG,Samsung,DDR2,667,8.00000
3372,SAMSUNG,Samsung,DDR2,800,1.00000
3374,SAMSUNG,Samsung,DDR2,800,2.00000
3376,SAMSUNG,Samsung,DDR2,800,4.00000
3383,SAMSUNG,Samsung,DDR3,800,4.00000
3378,SAMSUNG,Samsung,DDR3,1066,1.00000
3380,SAMSUNG,Samsung,DDR3,1066,2.00000
3384,SAMSUNG,Samsung,DDR3,1066,4.00000
3388,SAMSUNG,Samsung,DDR3,1066,8.00000
3392,SAMSUNG,Samsung,DDR3,1066,16.00000
3396,SAMSUNG,Samsung,DDR3,1066,32.00000
3379,SAMSUNG,Samsung,DDR3,1333,1.00000
3381,SAMSUNG,Samsung,DDR3,1333,2.00000
3385,SAMSUNG,Samsung,DDR3,1333,4.00000
3389,SAMSUNG,Samsung,DDR3,1333,8.00000
3393,SAMSUNG,Samsung,DDR3,1333,16.00000
3397,SAMSUNG,Samsung,DDR3,1333,32.00000
3400,SAMSUNG,Samsung,DDR3,1333,64.00000
3382,SAMSUNG,Samsung,DDR3,1600,2.00000
3386,SAMSUNG,Samsung,DDR3,1600,4.00000
3390,SAMSUNG,Samsung,DDR3,1600,8.00000
3394,SAMSUNG,Samsung,DDR3,1600,16.00000
3398,SAMSUNG,Samsung,DDR3,1600,32.00000
3387,SAMSUNG,Samsung,DDR3,1866,4.00000
3391,SAMSUNG,Samsung,DDR3,1866,8.00000
3395,SAMSUNG,Samsung,DDR3,1866,16.00000
3399,SAMSUNG,Samsung,DDR3,1866,32.00000
3401,SAMSUNG,Samsung,DDR3L,1600,4.00000
3402,SAMSUNG,Samsung,DDR4,2133,4.00000
3404,SAMSUNG,Samsung,DDR4,2133,8.00000
3407,SAMSUNG,Samsung,DDR4,2133,16.00000
3410,SAMSUNG,Samsung,DDR4,2133,32.00000
3403,SAMSUNG,Samsung,DDR4,2400,4.00000
3405,SAMSUNG,Samsung,DDR4,2400,8.00000
3408,SAMSUNG,Samsung,DDR4,2400,16.00000
3411,SAMSUNG,Samsung,DDR4,2400,32.00000
3412,SAMSUNG,Samsung,DDR4,2400,64.00000
3406,SAMSUNG,Samsung,DDR4,2666,8.00000
3409,SAMSUNG,Samsung,DDR4,2666,16.00000
3413,SAMSUNG,Samsung,DDR4,2666,64.00000
3414,SAMSUNG,Samsung Green,DDR4,2133,8.00000
3415,SAMSUNG,Samsung Lr,DDR4,2400,32.00000
3416,SAMSUNG,Samsung Lr,DDR4,2400,64.00000
3417,SAMSUNG,Samsung Original,DDR2,667,4.00000
3418,SAMSUNG,Samsung Original,DDR2,667,8.00000
3419,SAMSUNG,Samsung Original,DDR3,1600,8.00000
3420,SAMSUNG,Samsung Server,DDR2,533,4.00000
3421,SAMSUNG,Samsung Server,DDR3,1066,2.00000
3423,SAMSUNG,Samsung Server,DDR3,1066,4.00000
3426,SAMSUNG,Samsung Server,DDR3,1066,16.00000
3422,SAMSUNG,Samsung Server,DDR3,1333,2.00000
3428,SAMSUNG,Samsung Server,DDR3,1333,32.00000
3430,SAMSUNG,Samsung Server,DDR3,1333,64.00000
3424,SAMSUNG,Samsung Server,DDR3,1600,4.00000
3425,SAMSUNG,Samsung Server,DDR3,1600,8.00000
3427,SAMSUNG,Samsung Server,DDR3,1600,16.00000
3429,SAMSUNG,Samsung Server,DDR3,1600,32.00000
3431,SAMSUNG,Samsung Server,DDR4,2133,8.00000
3436,SAMSUNG,Samsung Server,DDR4,2133,32.00000
3439,SAMSUNG,Samsung Server,DDR4,2133,64.00000
3432,SAMSUNG,Samsung Server,DDR4,2400,8.00000
3434,SAMSUNG,Samsung Server,DDR4,2400,16.00000
3437,SAMSUNG,Samsung Server,DDR4,2400,32.00000
3440,SAMSUNG,Samsung Server,DDR4,2400,64.00000
3441,SAMSUNG,Samsung Server,DDR4,2400,128.00000
3433,SAMSUNG,Samsung Server,DDR4,2666,8.00000
3435,SAMSUNG,Samsung Server,DDR4,2666,16.00000
3438,SAMSUNG,Samsung Server,DDR4,2666,32.00000
3442,SAMSUNG,Samsung Server,DDR4,2666,128.00000
3443,SILICON,Silicon Power,DDR3,1333,4.00000
3445,SILICON,Silicon Power,DDR3,1333,8.00000
3444,SILICON,Silicon Power,DDR3,1600,4.00000
3446,SILICON,Silicon Power,DDR3,1600,8.00000
3450,SILICON,Silicon Power,DDR3,1600,16.00000
3447,SILICON,Silicon Power,DDR3,1866,8.00000
3451,SILICON,Silicon Power,DDR3,1866,16.00000
3448,SILICON,Silicon Power,DDR3,2133,8.00000
3452,SILICON,Silicon Power,DDR3,2133,16.00000
3449,SILICON,Silicon Power,DDR3,2400,8.00000
3453,SILICON,Silicon Power,DDR3,2400,16.00000
3454,SILICON,Silicon Power,DDR4,2133,4.00000
3456,SILICON,Silicon Power,DDR4,2133,8.00000
3458,SILICON,Silicon Power,DDR4,2133,16.00000
3455,SILICON,Silicon Power,DDR4,2400,4.00000
3457,SILICON,Silicon Power,DDR4,2400,8.00000
3459,SILICON,Silicon Power,DDR4,2400,16.00000
3460,SK,Sk Hynix,DDR3,1066,1.00000
3461,SK,Sk Hynix,DDR3,1333,2.00000
3462,SK,Sk Hynix,DDR3,1333,4.00000
3464,SK,Sk Hynix,DDR3L,1333,8.00000
3463,SK,Sk Hynix,DDR3L,1600,4.00000
3465,SK,Sk Hynix,DDR4,2133,4.00000
3466,SK,Sk Hynix,DDR4,2133,8.00000
3467,SK,Sk Hynix,DDR4,2400,8.00000
3469,SK,Sk Hynix,DDR4,2400,16.00000
3468,SK,Sk Hynix,DDR4,2666,8.00000
3470,SUPER,Super Talent,DDR3,1333,4.00000
3471,TEAM GROUP,Team Group,DDR2,800,2.00000
3475,TEAM GROUP,Team Group,DDR3,1066,8.00000
3473,TEAM GROUP,Team Group,DDR3,1333,4.00000
3476,TEAM GROUP,Team Group,DDR3,1333,8.00000
3478,TEAM GROUP,Team Group,DDR3,1333,16.00000
3482,TEAM GROUP,Team Group,DDR3,1333,32.00000
3472,TEAM GROUP,Team Group,DDR3,1600,2.00000
3474,TEAM GROUP,Team Group,DDR3,1600,4.00000
3477,TEAM GROUP,Team Group,DDR3,1600,8.00000
3479,TEAM GROUP,Team Group,DDR3,1600,16.00000
3480,TEAM GROUP,Team Group,DDR3,1866,16.00000
3481,TEAM GROUP,Team Group,DDR3,2133,16.00000
3483,TEAM GROUP,Team Group,DDR3L,1866,8.00000
3484,TEAM GROUP,Team Group,DDR4,2133,8.00000
3485,TEAM GROUP,Team Group,DDR4,2400,8.00000
3487,TEAM GROUP,Team Group,DDR4,2400,16.00000
3492,TEAM GROUP,Team Group,DDR4,2400,32.00000
3486,TEAM GROUP,Team Group,DDR4,3000,8.00000
3488,TEAM GROUP,Team Group,DDR4,3000,16.00000
3493,TEAM GROUP,Team Group,DDR4,3000,32.00000
3489,TEAM GROUP,Team Group,DDR4,3200,16.00000
3490,TEAM GROUP,Team Group,DDR4,3600,16.00000
3491,TEAM GROUP,Team Group,DDR4,4000,16.00000
3494,TEAM GROUP,Team Group Dark,DDR3,1600,8.00000
3496,TEAM GROUP,Team Group Dark,DDR3,1600,16.00000
3495,TEAM GROUP,Team Group Dark,DDR3,1866,8.00000
3497,TEAM GROUP,Team Group Dark,DDR3,2400,16.00000
3499,TEAM GROUP,Team Group Dark,DDR4,2400,8.00000
3505,TEAM GROUP,Team Group Dark,DDR4,2400,16.00000
3512,TEAM GROUP,Team Group Dark,DDR4,2400,32.00000
3516,TEAM GROUP,Team Group Dark,DDR4,2400,64.00000
3498,TEAM GROUP,Team Group Dark,DDR4,2666,4.00000
3500,TEAM GROUP,Team Group Dark,DDR4,2666,8.00000
3506,TEAM GROUP,Team Group Dark,DDR4,2666,16.00000
3513,TEAM GROUP,Team Group Dark,DDR4,2666,32.00000
3501,TEAM GROUP,Team Group Dark,DDR4,2800,8.00000
3502,TEAM GROUP,Team Group Dark,DDR4,3000,8.00000
3507,TEAM GROUP,Team Group Dark,DDR4,3000,16.00000
3514,TEAM GROUP,Team Group Dark,DDR4,3000,32.00000
3517,TEAM GROUP,Team Group Dark,DDR4,3000,64.00000
3503,TEAM GROUP,Team Group Dark,DDR4,3200,8.00000
3508,TEAM GROUP,Team Group Dark,DDR4,3200,16.00000
3515,TEAM GROUP,Team Group Dark,DDR4,3200,32.00000
3518,TEAM GROUP,Team Group Dark,DDR4,3200,64.00000
3504,TEAM GROUP,Team Group Dark,DDR4,3333,8.00000
3509,TEAM GROUP,Team Group Dark,DDR4,3333,16.00000
3510,TEAM GROUP,Team Group Dark,DDR4,3600,16.00000
3511,TEAM GROUP,Team Group Dark,DDR4,3866,16.00000
3519,TEAM GROUP,Team Group Delta,DDR4,2400,4.00000
3521,TEAM GROUP,Team Group Delta,DDR4,2400,8.00000
3524,TEAM GROUP,Team Group Delta,DDR4,2400,16.00000
3527,TEAM GROUP,Team Group Delta,DDR4,2400,32.00000
3520,TEAM GROUP,Team Group Delta,DDR4,2666,4.00000
3522,TEAM GROUP,Team Group Delta,DDR4,2666,8.00000
3525,TEAM GROUP,Team Group Delta,DDR4,2666,16.00000
3528,TEAM GROUP,Team Group Delta,DDR4,2666,32.00000
3523,TEAM GROUP,Team Group Delta,DDR4,3000,8.00000
3526,TEAM GROUP,Team Group Delta,DDR4,3000,16.00000
3529,TEAM GROUP,Team Group Delta,DDR4,3000,32.00000
3530,TEAM GROUP,Team Group Elite,DDR2,667,1.00000
3532,TEAM GROUP,Team Group Elite,DDR2,667,2.00000
3534,TEAM GROUP,Team Group Elite,DDR2,667,4.00000
3531,TEAM GROUP,Team Group Elite,DDR2,800,1.00000
3533,TEAM GROUP,Team Group Elite,DDR2,800,2.00000
3535,TEAM GROUP,Team Group Elite,DDR2,800,4.00000
3536,TEAM GROUP,Team Group Elite,DDR3,1066,2.00000
3539,TEAM GROUP,Team Group Elite,DDR3,1066,4.00000
3537,TEAM GROUP,Team Group Elite,DDR3,1333,2.00000
3540,TEAM GROUP,Team Group Elite,DDR3,1333,4.00000
3542,TEAM GROUP,Team Group Elite,DDR3,1333,8.00000
3545,TEAM GROUP,Team Group Elite,DDR3,1333,16.00000
3538,TEAM GROUP,Team Group Elite,DDR3,1600,2.00000
3541,TEAM GROUP,Team Group Elite,DDR3,1600,4.00000
3543,TEAM GROUP,Team Group Elite,DDR3,1600,8.00000
3546,TEAM GROUP,Team Group Elite,DDR3,1600,16.00000
3544,TEAM GROUP,Team Group Elite,DDR3,1866,8.00000
3547,TEAM GROUP,Team Group Elite,DDR4,2133,4.00000
3549,TEAM GROUP,Team Group Elite,DDR4,2133,8.00000
3551,TEAM GROUP,Team Group Elite,DDR4,2133,16.00000
3553,TEAM GROUP,Team Group Elite,DDR4,2133,32.00000
3548,TEAM GROUP,Team Group Elite,DDR4,2400,4.00000
3550,TEAM GROUP,Team Group Elite,DDR4,2400,8.00000
3552,TEAM GROUP,Team Group Elite,DDR4,2400,16.00000
3554,TEAM GROUP,Team Group Elite,DDR4,2400,32.00000
3555,TEAM GROUP,Team Group Night Hawk,DDR4,2666,16.00000
3556,TEAM GROUP,Team Group Night Hawk,DDR4,2800,16.00000
3557,TEAM GROUP,Team Group Night Hawk,DDR4,3000,16.00000
3561,TEAM GROUP,Team Group Night Hawk,DDR4,3000,32.00000
3558,TEAM GROUP,Team Group Night Hawk,DDR4,3200,16.00000
3562,TEAM GROUP,Team Group Night Hawk,DDR4,3200,32.00000
3559,TEAM GROUP,Team Group Night Hawk,DDR4,3600,16.00000
3560,TEAM GROUP,Team Group Night Hawk,DDR4,4000,16.00000
3563,TEAM GROUP,Team Group Value,DDR2,667,1.00000
3564,TEAM GROUP,Team Group Value,DDR2,800,1.00000
3565,TEAM GROUP,Team Group Value,DDR2,800,2.00000
3566,TEAM GROUP,Team Group Vulcan,DDR3,1600,8.00000
3570,TEAM GROUP,Team Group Vulcan,DDR3,1600,16.00000
3573,TEAM GROUP,Team Group Vulcan,DDR3,1600,32.00000
3567,TEAM GROUP,Team Group Vulcan,DDR3,1866,8.00000
3568,TEAM GROUP,Team Group Vulcan,DDR3,2133,8.00000
3571,TEAM GROUP,Team Group Vulcan,DDR3,2133,16.00000
3569,TEAM GROUP,Team Group Vulcan,DDR3,2400,8.00000
3572,TEAM GROUP,Team Group Vulcan,DDR3,2400,16.00000
3574,TEAM GROUP,Team Group Vulcan,DDR4,2400,4.00000
3576,TEAM GROUP,Team Group Vulcan,DDR4,2400,8.00000
3581,TEAM GROUP,Team Group Vulcan,DDR4,2400,16.00000
3587,TEAM GROUP,Team Group Vulcan,DDR4,2400,32.00000
3592,TEAM GROUP,Team Group Vulcan,DDR4,2400,64.00000
3575,TEAM GROUP,Team Group Vulcan,DDR4,2666,4.00000
3577,TEAM GROUP,Team Group Vulcan,DDR4,2666,8.00000
3582,TEAM GROUP,Team Group Vulcan,DDR4,2666,16.00000
3588,TEAM GROUP,Team Group Vulcan,DDR4,2666,32.00000
3578,TEAM GROUP,Team Group Vulcan,DDR4,2800,8.00000
3583,TEAM GROUP,Team Group Vulcan,DDR4,2800,16.00000
3589,TEAM GROUP,Team Group Vulcan,DDR4,2800,32.00000
3579,TEAM GROUP,Team Group Vulcan,DDR4,3000,8.00000
3584,TEAM GROUP,Team Group Vulcan,DDR4,3000,16.00000
3590,TEAM GROUP,Team Group Vulcan,DDR4,3000,32.00000
3593,TEAM GROUP,Team Group Vulcan,DDR4,3000,64.00000
3580,TEAM GROUP,Team Group Vulcan,DDR4,3200,8.00000
3585,TEAM GROUP,Team Group Vulcan,DDR4,3200,16.00000
3591,TEAM GROUP,Team Group Vulcan,DDR4,3200,32.00000
3594,TEAM GROUP,Team Group Vulcan,DDR4,3200,64.00000
3586,TEAM GROUP,Team Group Vulcan,DDR4,3300,16.00000
3595,TEAM GROUP,Team Group Xtreem,DDR3,1600,4.00000
3596,TEAM GROUP,Team Group Xtreem,DDR3,1600,8.00000
3600,TEAM GROUP,Team Group Xtreem,DDR3,1600,16.00000
3601,TEAM GROUP,Team Group Xtreem,DDR3,2133,16.00000
3605,TEAM GROUP,Team Group Xtreem,DDR3,2133,32.00000
3597,TEAM GROUP,Team Group Xtreem,DDR3,2400,8.00000
3602,TEAM GROUP,Team Group Xtreem,DDR3,2400,16.00000
3606,TEAM GROUP,Team Group Xtreem,DDR3,2400,32.00000
3603,TEAM GROUP,Team Group Xtreem,DDR3,2600,16.00000
3598,TEAM GROUP,Team Group Xtreem,DDR3,2666,8.00000
3604,TEAM GROUP,Team Group Xtreem,DDR3,2666,16.00000
3599,TEAM GROUP,Team Group Xtreem,DDR3,2800,8.00000
3607,TEAM GROUP,Team Group Xtreem,DDR4,3466,8.00000
3611,TEAM GROUP,Team Group Xtreem,DDR4,3466,16.00000
3608,TEAM GROUP,Team Group Xtreem,DDR4,3600,8.00000
3612,TEAM GROUP,Team Group Xtreem,DDR4,3600,16.00000
3618,TEAM GROUP,Team Group Xtreem,DDR4,3600,32.00000
3609,TEAM GROUP,Team Group Xtreem,DDR4,3733,8.00000
3613,TEAM GROUP,Team Group Xtreem,DDR4,3733,16.00000
3619,TEAM GROUP,Team Group Xtreem,DDR4,3733,32.00000
3610,TEAM GROUP,Team Group Xtreem,DDR4,3866,8.00000
3614,TEAM GROUP,Team Group Xtreem,DDR4,3866,16.00000
3620,TEAM GROUP,Team Group Xtreem,DDR4,3866,32.00000
3615,TEAM GROUP,Team Group Xtreem,DDR4,4000,16.00000
3621,TEAM GROUP,Team Group Xtreem,DDR4,4000,32.00000
3616,TEAM GROUP,Team Group Xtreem,DDR4,4133,16.00000
3617,TEAM GROUP,Team Group Xtreem,DDR4,4500,16.00000
3622,TEAM GROUP,Team Group Zeus,DDR3,1600,8.00000
3623,TEAM GROUP,Team Group Zeus,DDR3,2133,8.00000
3624,TEAM GROUP,Team Group Zeus,DDR3,2133,16.00000
3625,TOSHIBA,Toshiba,DDR3,1600,4.00000
3635,TRANSCEND,Transcend,DDR2,400,4.00000
3626,TRANSCEND,Transcend,DDR2,533,.50000
3629,TRANSCEND,Transcend,DDR2,533,1.00000
3632,TRANSCEND,Transcend,DDR2,533,2.00000
3636,TRANSCEND,Transcend,DDR2,533,4.00000
3627,TRANSCEND,Transcend,DDR2,667,.50000
3630,TRANSCEND,Transcend,DDR2,667,1.00000
3633,TRANSCEND,Transcend,DDR2,667,2.00000
3637,TRANSCEND,Transcend,DDR2,667,4.00000
3628,TRANSCEND,Transcend,DDR2,800,.50000
3631,TRANSCEND,Transcend,DDR2,800,1.00000
3634,TRANSCEND,Transcend,DDR2,800,2.00000
3638,TRANSCEND,Transcend,DDR3,1066,1.00000
3640,TRANSCEND,Transcend,DDR3,1066,2.00000
3643,TRANSCEND,Transcend,DDR3,1066,4.00000
3648,TRANSCEND,Transcend,DDR3,1066,8.00000
3639,TRANSCEND,Transcend,DDR3,1333,1.00000
3641,TRANSCEND,Transcend,DDR3,1333,2.00000
3644,TRANSCEND,Transcend,DDR3,1333,4.00000
3649,TRANSCEND,Transcend,DDR3,1333,8.00000
3655,TRANSCEND,Transcend,DDR3,1333,16.00000
3658,TRANSCEND,Transcend,DDR3,1333,32.00000
3642,TRANSCEND,Transcend,DDR3,1600,2.00000
3645,TRANSCEND,Transcend,DDR3,1600,4.00000
3650,TRANSCEND,Transcend,DDR3,1600,8.00000
3656,TRANSCEND,Transcend,DDR3,1600,16.00000
3646,TRANSCEND,Transcend,DDR3,1866,4.00000
3651,TRANSCEND,Transcend,DDR3,1866,8.00000
3652,TRANSCEND,Transcend,DDR3,2000,8.00000
3647,TRANSCEND,Transcend,DDR3,2133,4.00000
3653,TRANSCEND,Transcend,DDR3,2133,8.00000
3657,TRANSCEND,Transcend,DDR3,2133,16.00000
3654,TRANSCEND,Transcend,DDR3,2400,8.00000
3659,TRANSCEND,Transcend,DDR4,2133,4.00000
3661,TRANSCEND,Transcend,DDR4,2133,8.00000
3663,TRANSCEND,Transcend,DDR4,2133,16.00000
3665,TRANSCEND,Transcend,DDR4,2133,32.00000
3660,TRANSCEND,Transcend,DDR4,2400,4.00000
3662,TRANSCEND,Transcend,DDR4,2400,8.00000
3664,TRANSCEND,Transcend,DDR4,2400,16.00000
3666,TRANSCEND,Transcend,DDR4,2400,32.00000
3667,V7,V7,DDR3,1333,2.00000
3668,V7,V7,DDR3,1333,4.00000
3669,V7,V7,DDR3,1333,8.00000
3670,V7,V7,DDR3,1600,8.00000
3672,V7,V7,DDR4,2133,16.00000
3673,V7,V7,DDR4,2133,32.00000
3671,V7,V7,DDR4,2400,8.00000
3674,VISIONTEK,Visiontek,DDR2,800,4.00000
3675,VISIONTEK,Visiontek,DDR3,1333,2.00000
3676,VISIONTEK,Visiontek,DDR3,1600,2.00000
3677,VISIONTEK,Visiontek,DDR3,1600,4.00000
3678,VISIONTEK,Visiontek,DDR3,1600,8.00000
3680,VISIONTEK,Visiontek,DDR3,1600,16.00000
3679,VISIONTEK,Visiontek,DDR3,1866,8.00000
3681,WINTEC,Wintec,DDR2,667,1.00000
3682,WINTEC,Wintec,DDR2,667,2.00000
3683,WINTEC,Wintec,DDR2,800,2.00000
3684,WINTEC,Wintec,DDR2,800,4.00000
3685,WINTEC,Wintec,DDR2,800,8.00000
3686,WINTEC,Wintec,DDR3,1333,2.00000
3688,WINTEC,Wintec,DDR3,1333,4.00000
3693,WINTEC,Wintec,DDR3,1333,8.00000
3697,WINTEC,Wintec,DDR3,1333,16.00000
3702,WINTEC,Wintec,DDR3,1333,64.00000
3687,WINTEC,Wintec,DDR3,1600,2.00000
3689,WINTEC,Wintec,DDR3,1600,4.00000
3691,WINTEC,Wintec,DDR3,1600,6.00000
3694,WINTEC,Wintec,DDR3,1600,8.00000
3696,WINTEC,Wintec,DDR3,1600,12.00000
3698,WINTEC,Wintec,DDR3,1600,16.00000
3700,WINTEC,Wintec,DDR3,1600,32.00000
3690,WINTEC,Wintec,DDR3,1866,4.00000
3692,WINTEC,Wintec,DDR3,1866,6.00000
3695,WINTEC,Wintec,DDR3,1866,8.00000
3699,WINTEC,Wintec,DDR3,1866,16.00000
3701,WINTEC,Wintec,DDR3,1866,32.00000
3703,WINTEC,Wintec,DDR3,1866,64.00000
3704,WINTEC,Wintec,DDR4,2133,64.00000
3705,XPG,Xpg Flame,DDR4,2400,4.00000
